paper_title,description_excerpt,paper_year,paper_doi,paper_venue,abstract_available,task_type,literature_score,candidate_decision,spatial_terms,temporal_terms,dataset_terms,modeling_signals,first_landing_url
TGVx: Dynamic Personalized POI Deep Recommendation Model,"Personalized points-of-interest (POI) recommendation is very important for improving the service quality of location-based social network applications. It has become one of the most popular research directions in the industry and academia. However, the realization of high-quality personalized POI recommendation faces three major challenges: (i) the interest drift issue caused by the spatiotemporal dynamics of user check-in behavior, (ii) how to integrate as much heterogeneous information as possible to alleviate data sparseness and cold start issues, and (iii) how to use implicit feedback to model complex high-order nonlinear user-POI interactions. To jointly address all these challenges, we propose the TGVx recommendation framework and establish a dynamic personalized POI deep recommendation model, where T and G respectively represent time and geographic factors, V represents out-of-town visitors, and x represents time slot number. TGVx is composed of x parallel TGV models where the...",2023,https://doi.org/10.1287/ijoc.2023.1286,INFORMS journal on computing,True,machine_learning,9,keep,"geographic, spatiotemporal","spatiotemporal, temporal","dataset, repository, zenodo","machine_learning, spatiotemporal_model",https://doi.org/10.1287/ijoc.2023.1286
Compositional shifts in root-associated bacterial and archaeal microbiota track the plant life cycle in field-grown rice,"Bacterial communities associated with roots impact the health and nutrition of the host plant. The dynamics of these microbial assemblies over the plant life cycle are, however, not well understood. Here, we use dense temporal sampling of 1,510 samples from root spatial compartments to characterize the bacterial and archaeal components of the root-associated microbiota of field grown rice (Oryza sativa) over the course of 3 consecutive growing seasons, as well as 2 sites in diverse geographic regions. The root microbiota was found to be highly dynamic during the vegetative phase of plant growth and then stabilized compositionally for the remainder of the life cycle. Bacterial and archaeal taxa conserved between field sites were defined as predictive features of rice plant age by modeling using a random forest approach. The age-prediction models revealed that drought-stressed plants have developmentally immature microbiota compared to unstressed plants. Further, by using genotypes with...",2018,https://doi.org/10.1371/journal.pbio.2003862,PLoS Biology,True,forecasting,7,review,"geographic, spatial",temporal,,"forecasting, machine_learning",https://doi.org/10.1371/journal.pbio.2003862
Representativeness of Eddy-Covariance flux footprints for areas surrounding AmeriFlux sites,"Large datasets of greenhouse gas and energy surface-atmosphere fluxes measured with the eddy-covariance technique (e.g., FLUXNET2015, AmeriFlux BASE) are widely used to benchmark models and remote-sensing products. This study addresses one of the major challenges facing model-data integration: To what spatial extent do flux measurements taken at individual eddy-covariance sites reflect model- or satellite-based grid cells? We evaluate flux footprints—the temporally dynamic source areas that contribute to measured fluxes—and the representativeness of these footprints for target areas (e.g., within 250–3000 m radii around flux towers) that are often used in flux-data synthesis and modeling studies. We examine the land-cover composition and vegetation characteristics, represented here by the Enhanced Vegetation Index (EVI), in the flux footprints and target areas across 214 AmeriFlux sites, and evaluate potential biases as a consequence of the footprint-to-target-area mismatch. Monthly...",2021,https://doi.org/10.1016/j.agrformet.2021.108350,Agricultural and Forest Meteorology,True,unknown,6,review,spatial,"monthly, temporal",dataset,,https://doi.org/10.1016/j.agrformet.2021.108350
Perspectives in machine learning for wildlife conservation,"Inexpensive and accessible sensors are accelerating data acquisition in animal ecology. These technologies hold great potential for large-scale ecological understanding, but are limited by current processing approaches which inefficiently distill data into relevant information. We argue that animal ecologists can capitalize on large datasets generated by modern sensors by combining machine learning approaches with domain knowledge. Incorporating machine learning into ecological workflows could improve inputs for ecological models and lead to integrated hybrid modeling tools. This approach will require close interdisciplinary collaboration to ensure the quality of novel approaches and train a new generation of data scientists in ecology and conservation.",2022,https://doi.org/10.1038/s41467-022-27980-y,Nature Communications,True,machine_learning,5,review,gis,,dataset,machine_learning,https://doi.org/10.1038/s41467-022-27980-y
"Performance Analysis of IoT-Based Sensor, Big Data Processing, and Machine Learning Model for Real-Time Monitoring System in Automotive Manufacturing","With the increase in the amount of data captured during the manufacturing process, monitoring systems are becoming important factors in decision making for management. Current technologies such as Internet of Things (IoT)-based sensors can be considered a solution to provide efficient monitoring of the manufacturing process. In this study, a real-time monitoring system that utilizes IoT-based sensors, big data processing, and a hybrid prediction model is proposed. Firstly, an IoT-based sensor that collects temperature, humidity, accelerometer, and gyroscope data was developed. The characteristics of IoT-generated sensor data from the manufacturing process are: real-time, large amounts, and unstructured type. The proposed big data processing platform utilizes Apache Kafka as a message queue, Apache Storm as a real-time processing engine and MongoDB to store the sensor data from the manufacturing process. Secondly, for the proposed hybrid prediction model, Density-Based Spatial...",2018,https://doi.org/10.3390/s18092946,Sensors,True,forecasting,5,review,spatial,,,"forecasting, machine_learning",https://doi.org/10.3390/s18092946
"The CHRS Data Portal, an easily accessible public repository for PERSIANN global satellite precipitation data","The Center for Hydrometeorology and Remote Sensing (CHRS) has created the CHRS Data Portal to facilitate easy access to the three open data licensed satellite-based precipitation datasets generated by our Precipitation Estimation from Remotely Sensed Information using Artificial Neural Networks (PERSIANN) system: PERSIANN, PERSIANN-Cloud Classification System (CCS), and PERSIANN-Climate Data Record (CDR). These datasets have the potential for widespread use by various researchers, professionals including engineers, city planners, and so forth, as well as the community at large. Researchers at CHRS created the CHRS Data Portal with an emphasis on simplicity and the intention of fostering synergistic relationships with scientists and experts from around the world. The following paper presents an outline of the hosted datasets and features available on the CHRS Data Portal, an examination of the necessity of easily accessible public data, a comprehensive overview of the PERSIANN...",2019,https://doi.org/10.1038/sdata.2018.296,Scientific Data,True,machine_learning,5,review,"gis, remote sensing",,"dataset, open data, repository",machine_learning,https://doi.org/10.1038/sdata.2018.296
Prediction of Diabetes Empowered With Fused Machine Learning,"In the medical field, it is essential to predict diseases early to prevent them. Diabetes is one of the most dangerous diseases all over the world. In modern lifestyles, sugar and fat are typically present in our dietary habits, which have increased the risk of diabetes. To predict the disease, it is extremely important to understand its symptoms. Currently, machine-learning (ML) algorithms are valuable for disease detection. This article presents a model using a fused machine learning approach for diabetes prediction. The conceptual framework consists of two types of models: Support Vector Machine (SVM) and Artificial Neural Network (ANN) models. These models analyze the dataset to determine whether a diabetes diagnosis is positive or negative. The dataset used in this research is divided into training data and testing data with a ratio of 70:30 respectively. The output of these models becomes the input membership function for the fuzzy model, whereas the fuzzy logic finally...",2022,https://doi.org/10.1109/access.2022.3142097,IEEE Access,True,forecasting,5,drop_or_low_priority,,,dataset,"forecasting, machine_learning",https://doi.org/10.1109/access.2022.3142097
"Applications of Machine Learning in Human Microbiome Studies: A Review on Feature Selection, Biomarker Identification, Disease Prediction and Treatment","The number of microbiome-related studies has notably increased the availability of data on human microbiome composition and function. These studies provide the essential material to deeply explore host-microbiome associations and their relation to the development and progression of various complex diseases. Improved data-analytical tools are needed to exploit all information from these biological datasets, taking into account the peculiarities of microbiome data, i.e., compositional, heterogeneous and sparse nature of these datasets. The possibility of predicting host-phenotypes based on taxonomy-informed feature selection to establish an association between microbiome and predict disease states is beneficial for personalized medicine. In this regard, machine learning (ML) provides new insights into the development of models that can be used to predict outputs, such as classification and prediction in microbiology, infer host phenotypes to predict diseases and use microbial...",2021,https://doi.org/10.3389/fmicb.2021.634511,Frontiers in Microbiology,True,forecasting,5,drop_or_low_priority,,,dataset,"forecasting, machine_learning",https://doi.org/10.3389/fmicb.2021.634511
Robust mapping of spatiotemporal trajectories and cell–cell interactions in healthy and diseased tissues,"Spatial transcriptomics (ST) technologies generate multiple data types from biological samples, namely gene expression, physical distance between data points, and/or tissue morphology. Here we developed three computational-statistical algorithms that integrate all three data types to advance understanding of cellular processes. First, we present a spatial graph-based method, pseudo-time-space (PSTS), to model and uncover relationships between transcriptional states of cells across tissues undergoing dynamic change (e.g. neurodevelopment, brain injury and/or microglia activation, and cancer progression). We further developed a spatially-constrained two-level permutation (SCTP) test to study cell-cell interaction, finding highly interactive tissue regions across thousands of ligand-receptor pairs with markedly reduced false discovery rates. Finally, we present a spatial graph-based imputation method with neural network (stSME), to correct for technical noise/dropout and increase ST data...",2023,https://doi.org/10.1038/s41467-023-43120-6,Nature Communications,True,machine_learning,5,review,"spatial, spatiotemporal","spatiotemporal, temporal",,machine_learning,https://doi.org/10.1038/s41467-023-43120-6
