package;dataset;package_dataset_pairs;reference_type;doi;doi_url;source_url;doi_verified;doi_type;paper_or_book_title;authors;year;venue;publisher;model_or_equation_found_locally;model_keywords;detected_reference;local_raw_match;doc_path;verification_note;selection_score;selection_spatial_terms;selection_spatiotemporal_terms;selection_model_terms
agridat;connolly.potato;agridat::connolly.potato;doi;10.1038/s41437-024-00743-9;https://doi.org/10.1038/s41437-024-00743-9;;yes;journal-article;Incorporating spatial and genetic competition into breeding pipelines with the R package gencomp;"Saulo F. S. Chaves; Filipe M. Ferreira; Getulio C. Ferreira; Salvador A. Gezan; Kaio Olimpio G. Dias";2025;Heredity;Springer Science and Business Media LLC;yield~col*row | yield~matur | yield~gen | row~col | yield ~ cov | lm(yield ~ 0 + gen + rep + cov, data=dat;lm;Source: Connolly, T and Currie, ID and Bradshaw, JE and McNicol, JW. (1993). Inter-plot competition in yield trials of potatoes _Solanum tuberosum L._ with single-drill plots. Annals of Applied Biology, 123, 367-377. || References: Chaves, S.F.S., Ferreira, F.M., Ferreira, G.C. et al. Incorporating spatial and genetic competition into breeding pipelines with the R package gencomp. Heredity (2025). https://doi.org/10.1038/s41437-024-00743-9 || Description: Potato yields in single-drill plots || Details: Connolly et el use this data to illustrate how yield can be affected by competition from neighboring plots. This data uses M1, M2, M3 for maturity, while Connolly et al use FE (first early), SE (second early) and M (maincrop). The trial was 20 sections, each of which was an independent row of 20 drills. The data here are four reps of single-drill plots from sections 1, 6, 11, and 16. The neighbor covariate for a plot is defined as the average of the plots to the left and right. For drills at the edge of the trial, the covariate was the average of the one neighboring plot yield and the section (i.e. rep) mean. It would be interesting to fit a model that uses differences in maturity between a plot and its neighbor as the actual covariate. https://doi.org/10.1111/j.1744-7348.1993.tb04099.x Used with permission of Iain Currie.;;wiki\datasets\r_package_docs\agridat\topics\connolly.potato.md;;4;spatial;;model
agridat;tesfaye.millet;agridat::tesfaye.millet;doi;10.1371/journal.pone.0277499;https://doi.org/10.1371/journal.pone.0277499;;yes;journal-article;Evaluation of finger millet (Eleusine coracana (L.) Gaertn.) in multi-environment trials using enhanced statistical models;"Kassahun Tesfaye; Tesfaye Alemu; Tarekegn Argaw; Santie de Villiers; Ermias Assefa";2023;PLOS ONE;Public Library of Science (PLoS);"yield~col*row|env | asreml(yield ~ 1 + env, data=dat, random = ~ at(env | desplot(dat, yield~col*row|env, main=""tesfaye.millet"") | m1 <- asreml(yield ~ 1 + env, | random = ~ at(env):xfac + at(env):yfac + gen:fa(env), | residual = ~ dsum( ~ ar1(xfac):ar1(yfac)|env) )";;Source: Tesfaye K, Alemu T, Argaw T, de Villiers S, Assefa E (2023) Evaluation of finger millet (Eleusine coracana (L.) Gaertn.) in multi-environment trials using enhanced statistical models. PLoS ONE 18(2): e0277499. https://doi.org/10.1371/journal.pone.0277499 || References: None || Description: Multi-environment trial of millet || Details: Experiments conducted at Bako and Assosa research centers in Ethiopia. The data has: 4 years, 2 sites = 7 environments, 2-3 reps per trial, 47 genotypes. Tesfaye et al used asreml to fit a GxE model with Factor Analytic covariance structure for the GxE part and AR1xAR1 for spatial residuals at each site. Data in PloS ONE was published under Creative Commons Attribution License.;;wiki\datasets\r_package_docs\agridat\topics\tesfaye.millet.md;;4;spatial;;model
spaMM;Leuca;spaMM::Leuca;doi;10.1111/mec.15833;https://doi.org/10.1111/mec.15833;;yes;journal-article;Sex‐specific spatial variation in fitness in the highly dimorphic <i>Leucadendron rubrum</i>;"Jeanne Tonnabel; Etienne K. Klein; Ophélie Ronce; Sylvie Oddou‐Muratorio; François Rousset; Isabelle Olivieri; Alexandre Courtiol; Agnès Mignot";2021;Molecular Ecology;Wiley;;;Source: Tonnabel, J., Klein, E.K., Ronce, O., Oddou-Muratorio, S., Rousset, F., Olivieri, I., Courtiol, A. and Mignot, A. (2021), Sex-specific spatial variation in fitness in the highly dimorphic Leucadendron rubrum. Mol Ecol, 30: 1721-1735. doi:10.1111/mec.15833 <https://doi.org/10.1111/mec.15833> || Description: A data set from Tonnabel et al. (2021) to be fitted by models with sex-specific spatial random effects. Leucadrendron rubrum is a dioecious shrub from South Africa. Various phenotypes were recorded on individuals from a small patch of habitat.;;wiki\datasets\r_package_docs\spaMM\topics\Leuca.md;;4;spatial;;model
ade4;houmousr;ade4::houmousr;doi;10.1007/s11692-021-09550-0;https://doi.org/10.1007/s11692-021-09550-0;;yes;journal-article;Overcoming the Spurious Groups Problem in Between-Group PCA;"Jean Thioulouse; Sabrina Renaud; Anne-Béatrice Dufour; Stéphane Dray";2021;Evolutionary Biology;Springer Science and Business Media LLC;;;Source: Thioulouse, J., Renaud, S., Dufour, AB. et al. Overcoming the Spurious Groups Problem in Between-Group PCA. Evol Biol (2021). https://doi.org/10.1007/s11692-021-09550-0 || References: Renaud S, Pantalacci S, Auffray J (2011) Differential evolvability along lines of least resistance of upper and lower molars in island house mice. PLoS ONE 6, https://doi.org/10.1371/journal.pone.0018951 Renaud S, Dufour A, Hardouin E, Ledevin R, Auffray J (2015) Once upon multivariate analyses: when they tell several stories about biological evolution. PLoS ONE 10, https://doi.org/10.1371/journal.pone.0132801 Renaud S, Ledevin R, Souquet L, Gomes Rodrigues H, Ginot S, Agret S, Claude J, Herrel A, Hautier L (2018) Evolving teeth within a stable masticatory apparatus in Orkney mice. Evolutionary Biology 45:405–424 || Description: Morphometric data set describing the shape of the first upper molar in populations of the Western European house mouse (_Mus musculus domesticus_) || Details: The rows of ‘houmousr$dfcc’ correspond to 214 mice sampled in five locations in France and Italy. The 128 columns are 128 aligned coordinates describing the shape of the occlusal surface of the first upper molar (UM1). ‘houmousr$faccc’ is a factor giving the location where mice were sampled: Montpellier, Frontignan, Gardouch (South of France), Lombardy (Northern Italy), and Corsica.;;wiki\datasets\r_package_docs\ade4\topics\houmousr.md;;3;coordinates;;
agridat;gartner.corn;agridat::gartner.corn | agridat::lasrosas.corn;doi;10.1016/j.fcr.2020.107783;https://doi.org/10.1016/j.fcr.2020.107783;;yes;journal-article;Novel approach to the analysis of spatially-varying treatment effects in on-farm experiments;"Suman Rakshit; Adrian Baddeley; Katia Stefanova; Karyn Reeves; Kefei Chen; Zhanglong Cao; Fiona Evans; Mark Gibberd";2020;Field Crops Research;Elsevier BV;yield ~ long*lat|factor(year | lat~long | yield~nitro|topo | lm(yield ~ 1 + nitro + I(nitro^2 | corn with a spatial regression model. Proceedings of the Fifth | Four Spatial Regression Models for Yield Monitor Data: A Case;lm, regression;Source: University of Minnesota Precision Agriculture Center. Retrieved 27 Aug 2015 from https://web.archive.org/web/20100717003256/https://www.soils.umn.edu/academics/classes/soil4111/files/yield_a.xls Used via license: Creative Commons BY-SA 3.0. || References: Suman Rakshit, Adrian Baddeley, Katia Stefanova, Karyn Reeves, Kefei Chen, Zhanglong Cao, Fiona Evans, Mark Gibberd (2020). Novel approach to the analysis of spatially-varying treatment effects in on-farm experiments. Field Crops Research, 255, 15 September 2020, 107783. https://doi.org/10.1016/j.fcr.2020.107783 || Description: Yield monitor data from a corn field in Minnesota || Details: The data was collected 5 Nov 2011 from a corn field south of Mankato, Minnesota, using a combine-mounted yield monitor. https://www.google.com/maps/place/43.9237575,-93.9750632 Each harvested swath was 12 rows wide = 360 inches. Timestamp 0 = 5 Nov 2011, 12:38:03 Central Time. Timestamp 16359 = 4.54 hours later. Yield is calculated as total dry weight (corrected to 15.5 percent moisture), divided by 56 pounds (to get bushels), divided by the harvested area: drygrain = [massflow * seconds * (100-moisture) / (100-15.5)] / 56 harvested area = (distance * swath width) / 6272640 yield = drygrain / area;;wiki\datasets\r_package_docs\agridat\topics\gartner.corn.md;;6;spatial;;anova, model, regression
mgwrsar;mydata;mgwrsar::mydata;doi;10.1016/j.regsciurbeco.2017.04.001;https://doi.org/10.1016/j.regsciurbeco.2017.04.001;;yes;journal-article;A new method for dealing simultaneously with spatial autocorrelation and spatial heterogeneity in regression models;"Ghislain Geniaux; Davide Martinetti";2018;Regional Science and Urban Economics;Elsevier BV;;;References: doi:10.1016/j.regsciurbeco.2017.04.001 <https://doi.org/10.1016/j.regsciurbeco.2017.04.001> || Description: mydata is a simulated data set of a mgwrsar model;raw\estimators\Mgwrsar\mgwrsar_1.3.2\mgwrsar\data\mydata.RData | raw\estimators\Mgwrsar\mgwrsar_1.3.2\mgwrsar\data\mydatasf.RData | raw\estimators\Mgwrsar\mgwrsar_1.3.2\mgwrsar\man\coef.mgwrsar.Rd | raw\estimators\Mgwrsar\mgwrsar_1.3.2\mgwrsar\man\fitted.mgwrsar.Rd | raw\estimators\Mgwrsar\mgwrsar_1.3.2\mgwrsar\man\mgwrsar-class.Rd;wiki\datasets\r_package_docs\mgwrsar\topics\mydata.md;;15;gwr, mgwr, regional, spatial;;gwr, model, regression
agridat;williams.barley.uniformity;agridat::williams.barley.uniformity;doi;10.1016/j.spasta.2017.10.003;https://doi.org/10.1016/j.spasta.2017.10.003;;yes;journal-article;Correcting for spatial heterogeneity in plant breeding experiments with P-splines;"María Xosé Rodríguez-Álvarez; Martin P. Boer; Fred A. van Eeuwijk; Paul H.C. Eilers";2018;Spatial Statistics;Elsevier BV;yield ~ col*row | yield~col*row | fit~col*row | aov(yield ~ factor(row | desplot(dat, yield ~ col*row, | dat$fit <- fitted(loess(yield~col*row, dat, span=.1));anova;Source: Williams, ER and Luckett, DJ. 1988. The use of uniformity data in the design and analysis of cotton and barley variety trials. Australian Journal of Agricultural Research, 39, 339-350. https://doi.org/10.1071/AR9880339 || References: Maria Xose Rodriguez-Alvarez, Martin P. Boer, Fred A. van Eeuwijk, Paul H. C. Eilersd (2018). Correcting for spatial heterogeneity in plant breeding experiments with P-splines. Spatial Statistics, 23, 52-71. https://doi.org/10.1016/j.spasta.2017.10.003 || Description: Uniformity trial of barley at Narrabri, New South Wales, 1984. || Details: Grown at Roseworthy Agricultural College. Plots were 5 m long (4 m sown, 3.3 m harvested) by 0.75 m wide. A three-plot seeder was used, planting in a serpentine fashion. Williams noted that it appears that the middle plot of each pass has a lower yield, possibly due to soil compaction from the tractor. Field width: 48 plots * .75 m = 36 m Field length: 15 plots * 5 m = 75 m;;wiki\datasets\r_package_docs\agridat\topics\williams.barley.uniformity.md;;4;spatial;;anova
surveillance;measles.weser;surveillance::measles.weser;doi;10.18637/jss.v077.i11;https://doi.org/10.18637/jss.v077.i11;;yes;journal-article;Spatio-Temporal Analysis of Epidemic Phenomena Using the <i>R</i> Package <b>surveillance</b>;"Sebastian Meyer; Leonhard Held; Michael Höhle";2017;Journal of Statistical Software;Foundation for Open Access Statistic;;;"Source: Measles counts were obtained from the public SurvStat database of the Robert Koch institute: <https://survstat.rki.de/>. A shapefile of Germany's districts as of 01/01/2009 was obtained from the German Federal Agency for Cartography and Geodesy (<https://gdz.bkg.bund.de/>). The map of the 17 districts of the “Weser-Ems” region (‘measlesWeserEms@map’) is a simplified subset of this shapefile using a 30% reduction via the Douglas-Peucker reduction method as implemented at <https://MapShaper.org>. Population numbers were obtained from the Federal Statistical Office of Lower Saxony (LSN). Vaccination coverage was obtained from the public health department of Lower Saxony (NLGA, “Impfreport”). || References: Meyer, S., Held, L. and Höhle, M. (2017): Spatio-temporal analysis of epidemic phenomena using the R package ‘surveillance’. _Journal of Statistical Software_, *77* (11), 1-55. doi:10.18637/jss.v077.i11 <https://doi.org/10.18637/jss.v077.i11> || Description: Weekly counts of new measles cases for the 17 administrative districts (NUTS-3 level) of the “Weser-Ems” region of Lower Saxony, Germany, during 2001 and 2002, as reported to the Robert Koch institute according to the Infection Protection Act (“Infektionsschutzgesetz”, IfSG). ‘data(""measlesWeserEms"")’ is a corrected version of ‘data(""measles.weser"")’ (see Format section below). These data are illustrated and analyzed in Meyer et al. (2017, Section 5), see ‘vignette(""hhh4_spacetime"")’.";;wiki\datasets\r_package_docs\surveillance\topics\measles.weser.md;;11;spatio;spatio-temporal, temporal;
HistData;Playfair1824;HistData::Playfair1824;doi;10.1111/j.1740-9713.2017.01071.x;https://doi.org/10.1111/j.1740-9713.2017.01071.x;;yes;journal-article;Who is buried in Playfair's Grave?;"Ian Spence; Colin R. Fenn; Scott Klein";2017;Significance;Oxford University Press (OUP);;;"Source: Ivan Lokhov, Remaking a 200-year-old chart <https://www.datawrapper.de/blog/playfair-chronology-multiple-lines> || References: Playfair, W. (1824). _Chronology of Public Events and Remarkable Occurrences within the Last Fifty Years; or from 1774 to 1824_, published by W. Lewis, Finch Lane, London. The original chart can be seen on Wikimedia at: https://bit.ly/4ihX92a Spence, I., Fenn, C. R., & Klein, S. (2017). Who is buried in Playfairs grave? _Significance_, 14(5), 20–23. doi:10.1111/j.1740-9713.2017.01071.x <https://doi.org/10.1111/j.1740-9713.2017.01071.x> || Description: Data from William Playfair's (1824) last graph, titled ""Linear Chronology, Exhibiting the Revenues, Expenditure, Debt, Price of Stocks and Bread, from 1770 to 1824"". The chart tracks multiple economic variables, including national debt, exports, imports, revenue, expenditure, the price of stocks, and the price of bread over a 154 year time span. || Details: Playfair's 1824 chart is a pivotal work in the history of data visualization because it uses a multiple line graphs showing time series of economic indicators over time, with a fine appreciation of the complexity and directly labeled curves. The dataset, extracted from the image by Ivan Lokhov using WebPlotDigitizer, presents a challenge in trying re-create it, or do better using modern graphics methods.";;wiki\datasets\r_package_docs\HistData\topics\Playfair1824.md;;4;;time series;
agridat;kayad.alfalfa;agridat::kayad.alfalfa;doi;10.1371/journal.pone.0157166;https://doi.org/10.1371/journal.pone.0157166;;yes;journal-article;Assessing the Spatial Variability of Alfalfa Yield Using Satellite Imagery and Ground-Based Data;"Ahmed G. Kayad; Khalid A. Al-Gaadi; ElKamil Tola; Rangaswamy Madugundu; Ahmed M. Zeyada; Chariton Kalaitzidis";2016;PLOS ONE;Public Library of Science (PLoS);yield ~ long*lat |harvest | levelplot(yield ~ long*lat |harvest, dat, | ## levelplot(yield ~ long*lat |harvest, dat,;;Source: Ahmed G. Kayad, et al. (2016). Assessing the Spatial Variability of Alfalfa Yield Using Satellite Imagery and Ground-Based Data. PLOS One, 11(6). https://doi.org/10.1371/journal.pone.0157166 || References: None || Description: Yield monitor data for 4 cuttings of alfalfa in Saudi Arabia. || Details: Data was collected from a 23.5 ha field of alfalfa in Saudia Arabia. The field was harvested four consecutive times (H8 = 5 Dec 2013, H9 = 16 Feb 2014, H10 = 2 Apr 2014, H11 = 6 May 2014). Data were collected using a geo-referenced yield monitor. Supporting information contains yield monitor data for 4 hay harvests on a center-pivot field. # TODO: Normalize the yields for each harvest, then average together # to create a productivity map. Two ways to normalize: # Normalize to 0-100: ((mapValue - min) * 100) / (max - min) # Standardize: ((mapValue - mean) / stdev) * 100;;wiki\datasets\r_package_docs\agridat\topics\kayad.alfalfa.md;;3;spatial;;
agridat;kenward.cattle;agridat::kenward.cattle;doi;10.1111/rssb.12065;https://doi.org/10.1111/rssb.12065;;yes;journal-article;A Joint Modelling Approach for Longitudinal Studies;"Weiping Zhang; Chenlei Leng; Cheng Yong Tang";2015;Journal of the Royal Statistical Society Series B: Statistical Methodology;Oxford University Press (OUP);weight~day|trt | lmer(weight ~ trt*poly(day, 4 | lmer(weight ~ trt + poly(day, 4 | lmer(weight ~ poly(day, 4 | pred ~ day|trt | weight ~ trt + poly(day;anova, lmer;Source: Kenward, Michael G. (1987). A Method for Comparing Profiles of Repeated Measurements. _Applied Statistics_, 36, 296-308. Table 1. https://doi.org/10.2307/2347788 || References: W. Zhang, C. Leng and C. Y. Tang (2015). A joint modelling approach for longitudinal studies _J. R. Statist. Soc. B_, 77 (2015), 219-238. https://doi.org/10.1111/rssb.12065 || Description: Repeated measurements of the weights of calves from a trial on the control of intestinal parasites. || Details: Grazing cattle can ingest larvae, which deprives the host animal of nutrients and weakens the immune system, affecting the growth of the animal. Two treatments A and B were applied randomly to 60 animals (30 each in two groups) to control the disease. Each animal was weighed 11 times at two-week intervals (one week between the final two measurements). Is there a difference in treatments, and when does that difference first become manifest?;;wiki\datasets\r_package_docs\agridat\topics\kenward.cattle.md;;6;;longitudinal;anova, model
ade4;houmousr;ade4::houmousr;doi;10.1371/journal.pone.0132801;https://doi.org/10.1371/journal.pone.0132801;;yes;journal-article;Once upon Multivariate Analyses: When They Tell Several Stories about Biological Evolution;"Sabrina Renaud; Anne-Béatrice Dufour; Emilie A. Hardouin; Ronan Ledevin; Jean-Christophe Auffray";2015;PLOS ONE;Public Library of Science (PLoS);;;Source: Thioulouse, J., Renaud, S., Dufour, AB. et al. Overcoming the Spurious Groups Problem in Between-Group PCA. Evol Biol (2021). https://doi.org/10.1007/s11692-021-09550-0 || References: Renaud S, Pantalacci S, Auffray J (2011) Differential evolvability along lines of least resistance of upper and lower molars in island house mice. PLoS ONE 6, https://doi.org/10.1371/journal.pone.0018951 Renaud S, Dufour A, Hardouin E, Ledevin R, Auffray J (2015) Once upon multivariate analyses: when they tell several stories about biological evolution. PLoS ONE 10, https://doi.org/10.1371/journal.pone.0132801 Renaud S, Ledevin R, Souquet L, Gomes Rodrigues H, Ginot S, Agret S, Claude J, Herrel A, Hautier L (2018) Evolving teeth within a stable masticatory apparatus in Orkney mice. Evolutionary Biology 45:405–424 || Description: Morphometric data set describing the shape of the first upper molar in populations of the Western European house mouse (_Mus musculus domesticus_) || Details: The rows of ‘houmousr$dfcc’ correspond to 214 mice sampled in five locations in France and Italy. The 128 columns are 128 aligned coordinates describing the shape of the occlusal surface of the first upper molar (UM1). ‘houmousr$faccc’ is a factor giving the location where mice were sampled: Montpellier, Frontignan, Gardouch (South of France), Lombardy (Northern Italy), and Corsica.;;wiki\datasets\r_package_docs\ade4\topics\houmousr.md;;3;coordinates;;
surveillance;fluBYBW;surveillance::fluBYBW;doi;10.1214/14-aoas743;https://doi.org/10.1214/14-aoas743;;yes;journal-article;Power-law models for infectious disease spread;"Sebastian Meyer; Leonhard Held";2014;The Annals of Applied Statistics;Institute of Mathematical Statistics;plot(fluBYBW, ~time) | plot(fluBYBW, ~unit, tps = 1:52, total.args = list(), | # Here we take the first 20 weeks of 2001 (runtime: ~3 minutes).;;"Source: Robert Koch-Institut: SurvStat: <https://survstat.rki.de/>; Queried on 6 March 2009. || References: Paul, M. and Held, L. (2011) Predictive assessment of a non-linear random effects model for multivariate time series of infectious disease counts. Statistics in Medicine, *30*, 1118-1136. Meyer, S. and Held, L. (2014): Power-law models for infectious disease spread. _The Annals of Applied Statistics_, *8* (3), 1612-1639. doi:10.1214/14-AOAS743 <https://doi.org/10.1214/14-AOAS743> || Description: Weekly number of influenza A & B cases in the 140 districts of the two Southern German states Bavaria and Baden-Wuerttemberg, for the years 2001 to 2008. These surveillance data have been analyzed originally by Paul and Held (2011) and more recently by Meyer and Held (2014).";;wiki\datasets\r_package_docs\surveillance\topics\fluBYBW.md;;5;;time series;model
vegan;BCI;vegan::BCI;doi;10.1038/nature12872;https://doi.org/10.1038/nature12872;;yes;journal-article;Three keys to the radiation of angiosperms into freezing environments;"Amy E. Zanne; David C. Tank; William K. Cornwell; Jonathan M. Eastman; Stephen A. Smith; Richard G. FitzJohn; Daniel J. McGlinn; Brian C. O’Meara";2014;Nature;Springer Science and Business Media LLC;;;Source: <https://www.science.org/doi/10.1126/science.1066854> for community data and References for environmental data. For updated complete data (incl. thinner trees down to 1 cm), see Condit et al. (2019). || References: Condit, R, Pitman, N, Leigh, E.G., Chave, J., Terborgh, J., Foster, R.B., Nuñez, P., Aguilar, S., Valencia, R., Villa, G., Muller-Landau, H.C., Losos, E. & Hubbell, S.P. (2002). Beta-diversity in tropical forest trees. _Science_ 295, 666-669. Condit R., Pérez, R., Aguilar, S., Lao, S., Foster, R. & Hubbell, S. (2019). Complete data from the Barro Colorado 50-ha plot: 423617 trees, 35 years [Dataset]. _Dryad_. doi:10.15146/5xcp-0d46 <https://doi.org/10.15146/5xcp-0d46> Condit, R., Aguilar, S., Lao, S., Foster, R., Hubbell, S. (2020). BCI 50-ha Plot Taxonomy [Dataset]. _Dryad_. doi:10.15146/R3FH61 <https://doi.org/10.15146/R3FH61> Harms K.E., Condit R., Hubbell S.P. & Foster R.B. (2001) Habitat associations of trees and shrubs in a 50-ha neotropical forest plot. _J. Ecol._ 89, 947-959. Kress W.J., Erickson D.L, Jones F.A., Swenson N.G, Perez R., Sanjur O. & Bermingham E. (2009) Plant DNA barcodes and a community phylogeny of a tropical forest dynamics plot in Panama. _PNAS_ 106, 18621-18626. Pyke, C. R., Condit, R., Aguilar, S., & Lao, S. (2001). Floristic composition across a climatic gradient in a neotropical lowland forest. _Journal of Vegetation Science_ 12, 553-566. doi:10.2307/3237007 <https://doi.org/10.2307/3237007> Zanne A.E., Tank D.C., Cornwell, W.K., Eastman J.M., Smith, S.A., FitzJohn, R.G., McGlinn, D.J., O’Meara, B.C., Moles, A.T., Reich, P.B., Royer, D.L., Soltis, D.E., Stevens, P.F., Westoby, M., Wright, I.J., Aarssen, L., Bertin, R.I., Calaminus, A., Govaerts, R., Hemmings, F., Leishman, M.R., Oleksyn, J., Soltis, P.S., Swenson, N.G., Warman, L. & Beaulieu, J.M. (2014) Three keys to the radiation of angiosperms into freezing environments. _Nature_ 506, 89-92. doi:10.1038/nature12872 <https://doi.org/10.1038/nature12872> (published online Dec 22, 2013). || Description: Tree counts in 1-hectare plots in the Barro Colorado Island and associated site information. || Details: Data give the numbers of trees at least 10 cm in diameter at breast height (DBH) in each one hectare quadrat in the 1982 BCI plot. Within each plot, all individuals were tallied and are recorded in this table. The full survey included smaller trees with DBH 1 cm or larger, but the ‘BCI’ dataset is a subset of larger trees as compiled by Condit et al. (2002). The full data with thinner trees has densities above 4000 stems per hectare, or about ten times more stems than these data. The dataset ‘BCI’ was provided (in 2003) to illustrate analysis methods in ‘vegan’. For scientific research on ecological issues we strongly recommend to access complete and more modern data (Condit et al. 2019) with updated taxonomy (Condit et al. 2020). The data frame contains only the Barro Colorado Island subset of the full data table of Condit et al. (2002). The quadrats are located in a regular grid. See ‘BCI.env’ for the coordinates. A full description of the site information in ‘BCI.env’ is given in Pyke et al. (2001) and Harms et al. (2001). _N.B._ Pyke et al. (2001) and Harms et al. (2001) give conflicting information about forest age categories and elevation.;;wiki\datasets\r_package_docs\vegan\topics\BCI.md;;3;coordinates;;
spaMM;arabidopsis;spaMM::arabidopsis;doi;10.1111/ecog.00566;https://doi.org/10.1111/ecog.00566;;yes;journal-article;Testing environmental and genetic effects in the presence of spatial autocorrelation;"François Rousset; Jean‐Baptiste Ferdy";2014;Ecography;Wiley;fitme(cbind(pos1046738,1-pos1046738)~seasonal+Matern(1|LAT+LONG), | SNPfit <- fitme(cbind(pos1046738,1-pos1046738)~seasonal+Matern(1|LAT+LONG),;;"Source: The data were retrieved from ‘http://bergelson.uchicago.edu/regmap-data/climate-genome-scan’ on 22 February 2013 (they may no longer be available from there). || References: Fournier-Level A, Korte A., Cooper M. D., Nordborg M., Schmitt J., Wilczek AM (2011). A map of local adaptation in Arabidopsis thaliana. Science 334: 86-89. Hancock, A. M., Brachi, B., Faure, N., Horton, M. W., Jarymowycz, L. B., Sperone, F. G., Toomajian, C., Roux, F., and Bergelson, J. 2011. Adaptation to climate across the Arabidopsis thaliana genome, Science 334: 83-86. Rousset F., Ferdy, J.-B. (2014) Testing environmental and genetic effects in the presence of spatial autocorrelation. Ecography, 37: 781-790. doi:10.1111/ecog.00566 <https://doi.org/10.1111/ecog.00566> || Description: For 948 “accessions” from European Arabidopsis thaliana populations, this data set merges the genotypic information at four single nucleotide polymorphisms (SNP) putatively involved in adaptation to climate (Fournier-Level et al, 2011, Table 1), with 13 climatic variables from Hancock et al. (2011). || Details: The response is binary so ‘method=""PQL/L""’ seems warranted (see Rousset and Ferdy, 2014).";;wiki\datasets\r_package_docs\spaMM\topics\arabidopsis.md;;3;spatial;;
agridat;crossa.wheat;agridat::crossa.wheat;doi;10.2135/cropsci2013.03.0178;https://doi.org/10.2135/cropsci2013.03.0178;;yes;journal-article;Genotype Plus Genotype × Block of Environments Biplots;"Jean‐Louis Laffont; Kevin Wright; Mohamed Hanafi";2013;Crop Science;Wiley;"yield~gen*loc | Jr, HG. (1991). AMMI adjustment for statistical analysis of an | # AMMI biplot. Fig 3 of Crossa et al. | m1 <- with(dat, AMMI(E=loc, G=gen, R=1, Y=yield)) | main=""crossa.wheat AMMI biplot"", | m2 <- gge(dat2, yield~gen*loc,";ammi;Source: Crossa, J and Fox, PN and Pfeiffer, WH and Rajaram, S and Gauch Jr, HG. (1991). AMMI adjustment for statistical analysis of an international wheat yield trial. Theoretical and Applied Genetics, 81, 27-37. https://doi.org/10.1007/BF00226108 || References: Jean-Louis Laffont, Kevin Wright and Mohamed Hanafi (2013). Genotype + Genotype x Block of Environments (GGB) Biplots. Crop Science, 53, 2332-2341. https://doi.org/10.2135/cropsci2013.03.0178 || Description: Wheat yields for 18 genotypes at 25 locations || Details: Grain yield from the 8th Elite Selection Wheat Yield Trial to evaluate 18 bread wheat genotypes at 25 locations in 15 countries. Cross et al. used this data to cluster loctions into 2 mega-environments and clustered genotypes into 3 wheat clusters. Locations Code Country Location Latitude (N) Elevation (m) AK Algeria El Khroub 36 640 AL Algeria Setif 36 1,023 BJ Bangladesh Joydebpur 24 8 CA Cyprus Athalassa 35 142 EG Egypt E1 Gemmeiza 31 8 ES Egypt Sakha 31 6 EB Egypt Beni-Suef 29 28 IL India Ludhiana 31 247 ID India Delhi 29 228 JM Jordan Madaba 36 785 KN Kenya Njoro 0 2,165 MG Mexico Guanajuato 21 1765 MS Mexico Sonora 27 38 MM Mexico Michoacfin 20 1517 NB Nepal Bhairahwa 27 105 PI Pakistan Islamabad 34 683 PA Pakistan Ayub 32 213 SR Saudi Arabia Riyadh 24 600 SG Sudan Gezira 14 411 SE Spain Encinar 38 20 SJ Spain Jerez 37 180 SC Spain Cordoba 38 110 SS Spain Sevilla 38 20 TB Tunisia Beja 37 150 TC Thailand Chiang Mai 18 820 Used with permission of Jose' Crossa.;;wiki\datasets\r_package_docs\agridat\topics\crossa.wheat.md;;4;latitude;;ammi
spatstat.data;meningitis;spatstat.data::meningitis | surveillance::imdepi;doi;10.1111/j.1541-0420.2011.01684.x;https://doi.org/10.1111/j.1541-0420.2011.01684.x;;yes;journal-article;A Space–Time Conditional Intensity Model for Invasive Meningococcal Disease Occurrence;"Sebastian Meyer; Johannes Elias; Michael Höhle";2012;Biometrics;Oxford University Press (OUP);;;"Source: Obtained from package ‘surveillance’. IMD case reports: German Reference Centre for Meningococci at the Department of Hygiene and Microbiology, Julius-Maximilians-Universitaet Universitaet Wuerzburg, Germany (<https://www.hygiene.uni-wuerzburg.de/meningococcus/>). Thanks to Dr. Johannes Elias and Prof. Dr. Ulrich Vogel for providing the data. Shapefile of Germany's districts as at 2009-01-01: German Federal Agency for Cartography and Geodesy, Frankfurt am Main, Germany, <https://gdz.bkg.bund.de/>. || References: Meyer, S., Elias, J. and Hoehle, M. (2012): A space-time conditional intensity model for invasive meningococcal disease occurrence. _Biometrics_, *68*, 607-616. doi:10.1111/j.1541-0420.2011.01684.x Baddeley, A., Davies, T.M. and Hazelton, M.L. (2025) An improved estimator of the pair correlation function of a spatial point process. _Biometrika_, to appear. || Description: Spatial locations of cases of invasive meningococcal disease in Germany, and information on the population density. || Details: These data give the spatial locations of 636 cases of invasive meningococcal disease in Germany, together with information on the division of Germany into administrative districts, and estimates of population density in each district. The data were extracted from the dataset ‘imdepi’ in the package ‘surveillance’. They have been simplified and converted to ‘spatstat’ format. The original data were analysed by Meyer, Elias and Hoehle (2012). The simplified data provided here were analysed in Baddeley, Davies and Hazelton (2025). The dataset ‘meningitis’ is a list (of class ‘""solist""’) containing two elements, ‘cases’ and ‘kreise’. The first element ‘cases’ is a spatial point pattern (object of class ‘""ppp""’) containing 636 points giving the locations of the cases. This is a multitype point pattern, that is, it has marks which are categorical values, classifying each point into type B or C, according to the serotype of each case. According to the ‘surveillance’ documentation, these data are from cases caused by the two most common meningococcal finetypes in Germany, ‘B:P1.7-2,4:F1-5’ (of serogroup B) and ‘C:P1.5,2:F3-3’ (of serogroup C). The observation window for the point pattern is a polygonal representation of the national border of Germany. Coordinates are given in kilometres. The second element ‘kreise’ is a tessellation (object of class ‘""tess""’) giving the division of Germany into administrative districts. Each tile of the tessellation is marked by a numerical value which is an estimate of the average population density (people per square kilometre) in the district.";;wiki\datasets\r_package_docs\spatstat.data\topics\meningitis.md;;14;coordinates, point pattern, spatial;space-time;model
spDataLarge;lsl;spDataLarge::lsl;doi;10.1016/j.geomorph.2011.10.029;https://doi.org/10.1016/j.geomorph.2011.10.029;;yes;journal-article;Geomorphic process rates of landslides along a humidity gradient in the tropical Andes;"J. Muenchow; A. Brenning; M. Richter";2012;Geomorphology;Elsevier BV;;;"Source: Landslide dataset of the RSAGA package: ‘data(""landslides"", package = ""RSAGA"")’. *Landslide Data:* Muenchow, J., Brenning, A., Richter, R. (2012): Geomorphic process rates of landslides along a humidity gradient in the tropical Andes, Geomorphology 139-140, 271-284. DOI: 10.1016/j.geomorph.2011.10.029. Stoyan, R. (2000): Aktivitaet, Ursachen und Klassifikation der Rutschungen in San Francisco/Suedecuador. Unpublished diploma thesis, University of Erlangen-Nuremberg, Germany. || Description: Data used in the ""Statistical learning for geographic data"" chapter in Geocomputation with R. See <https://r.geocompx.org/spatial-cv.html> for details.";;wiki\datasets\r_package_docs\spDataLarge\topics\lsl.md;;9;geographic, landslide, spatial;;
plm;RiceFarms;plm::RiceFarms;doi;10.1002/jae.1190;https://doi.org/10.1002/jae.1190;;yes;journal-article;Alternative technical efficiency measures: Skew, bias and scale;"Qu Feng; William C. Horrace";2012;Journal of Applied Econometrics;Wiley;;;Source: Feng Q, Horrace WC (2012). “Alternative technical efficiency measures: Skew, bias and scale.” _Journal of Applied Econometrics_, *27*(2), 253-268. doi:10.1002/jae.1190 <https://doi.org/10.1002/jae.1190>. || Description: a panel of 171 observations || Details: _number of observations_ : 1026 _observation_ : farms _country_ : Indonesia;;wiki\datasets\r_package_docs\plm\topics\RiceFarms.md;;4;;panel;
HistData;Guerry;HistData::Guerry;doi;10.1214/10-aoas356;https://doi.org/10.1214/10-aoas356;;yes;journal-article;Revisiting Guerry’s data: Introducing spatial constraints in multivariate analysis;"Stéphane Dray; Thibaut Jombart";2011;The Annals of Applied Statistics;Institute of Mathematical Statistics;;;"Source: Angeville, A. (1836). _Essai sur la Statistique de la Population fran?aise_ Paris: F. Doufour. Guerry, A.-M. (1833). _Essai sur la statistique morale de la France_ Paris: Crochard. English translation: Hugh P. Whitt and Victor W. Reinking, Lewiston, N.Y. : Edwin Mellen Press, 2002. Parent-Duchatelet, A. (1836). _De la prostitution dans la ville de Paris_, 3rd ed, 1857, p. 32, 36 See the example by John Russell for the 30DayChartChallenge || References: Dray, S. and Jombart, T. (2011). A Revisit Of Guerry's Data: Introducing Spatial Constraints In Multivariate Analysis. _The Annals of Applied Statistics_, Vol. 5, No. 4, 2278-2299. <https://arxiv.org/pdf/1202.6485>, DOI: 10.1214/10-AOAS356. Brunsdon, C. and Dykes, J. (2007). Geographically weighted visualization: interactive graphics for scale-varying exploratory analysis. Geographical Information Science Research Conference (GISRUK 07), NUI Maynooth, Ireland, April, 2007. Friendly, M. (2007). A.-M. Guerry's Moral Statistics of France: Challenges for Multivariable Spatial Analysis. _Statistical Science_, 22, 368-399. Friendly, M. (2007). Data from A.-M. Guerry, Essay on the Moral Statistics of France (1833), <http://datavis.ca/gallery/guerry/guerrydat.html>. || Description: Andre-Michel Guerry (1833) was the first to systematically collect and analyze social data on such things as crime, literacy and suicide with the view to determining social laws and the relations among these variables. The ‘Guerry’ data frame comprises a collection of 'moral variables' on the 86 departments of France around 1830. A few additional variables have been added from other sources. || Details: Note that most of the variables (e.g., ‘Crime_pers’) are scaled so that 'more is better' morally. This is done by expressing ""bad"" numbers as _population per_ crime or by using ranks. Thus, in his choropleth maps, he was able to assign darker shading consistently to the departments that were worse. Values for the quantitative variables displayed on Guerry's maps were taken from Table A2 in the English translation of Guerry (1833) by Whitt and Reinking. Values for the ranked variables were taken from Table A1, with some corrections applied. The maximum is indicated by rank 1, and the minimum by rank 86.";;wiki\datasets\r_package_docs\HistData\topics\Guerry.md;;12;geographic, geographical, geographically, spatial;;
ade4;mafragh;ade4::mafragh;doi;10.1111/j.1365-2745.2010.01743.x;https://doi.org/10.1111/j.1365-2745.2010.01743.x;;yes;journal-article;Linking patterns in phylogeny, traits, abiotic variables and space: a novel approach to linking environmental filtering and plant community assembly;"Sandrine Pavoine; Errol Vela; Sophie Gachet; Gérard de Bélair; Michael B. Bonsall";2011;Journal of Ecology;Wiley;g12 <- lattice::xyplot(ms1$li[, 1] ~ coa1$li[, 1]);;Source: de Bélair, Gérard and Bencheikh-Lehocine, Mahmoud (1987) Composition et déterminisme de la végétation d'une plaine côtière marécageuse : La Mafragh (Annaba, Algérie). _Bulletin d'Ecologie_, *18*(4), 393-407. Pavoine, S., Vela, E., Gachet, S., de Bélair, G. and Bonsall, M. B. (2011) Linking patterns in phylogeny, traits, abiotic variables and space: a novel approach to linking environmental filtering and plant community assembly. _Journal of Ecology_, *99*, 165-175. doi:10.1111/j.1365-2745.2010.01743.x || References: See a data description at <http://pbil.univ-lyon1.fr/R/pdf/pps053.pdf> (in French). || Description: This data set gives environmental and spatial informations about species and sites.;;wiki\datasets\r_package_docs\ade4\topics\mafragh.md;;3;spatial;;
ade4;houmousr;ade4::houmousr;doi;10.1371/journal.pone.0018951;https://doi.org/10.1371/journal.pone.0018951;;yes;journal-article;Differential Evolvability Along Lines of Least Resistance of Upper and Lower Molars in Island House Mice;"Sabrina Renaud; Sophie Pantalacci; Jean-Christophe Auffray";2011;PLoS ONE;Public Library of Science (PLoS);;;Source: Thioulouse, J., Renaud, S., Dufour, AB. et al. Overcoming the Spurious Groups Problem in Between-Group PCA. Evol Biol (2021). https://doi.org/10.1007/s11692-021-09550-0 || References: Renaud S, Pantalacci S, Auffray J (2011) Differential evolvability along lines of least resistance of upper and lower molars in island house mice. PLoS ONE 6, https://doi.org/10.1371/journal.pone.0018951 Renaud S, Dufour A, Hardouin E, Ledevin R, Auffray J (2015) Once upon multivariate analyses: when they tell several stories about biological evolution. PLoS ONE 10, https://doi.org/10.1371/journal.pone.0132801 Renaud S, Ledevin R, Souquet L, Gomes Rodrigues H, Ginot S, Agret S, Claude J, Herrel A, Hautier L (2018) Evolving teeth within a stable masticatory apparatus in Orkney mice. Evolutionary Biology 45:405–424 || Description: Morphometric data set describing the shape of the first upper molar in populations of the Western European house mouse (_Mus musculus domesticus_) || Details: The rows of ‘houmousr$dfcc’ correspond to 214 mice sampled in five locations in France and Italy. The 128 columns are 128 aligned coordinates describing the shape of the occlusal surface of the first upper molar (UM1). ‘houmousr$faccc’ is a factor giving the location where mice were sampled: Montpellier, Frontignan, Gardouch (South of France), Lombardy (Northern Italy), and Corsica.;;wiki\datasets\r_package_docs\ade4\topics\houmousr.md;;3;coordinates;;
agridat;bachmaier.nitrogen;agridat::bachmaier.nitrogen;doi;10.1007/s00362-008-0159-7;https://doi.org/10.1007/s00362-008-0159-7;;yes;journal-article;Test and confidence set for the difference of the x-coordinates of the vertices of two quadratic regression models;Martin Bachmaier;2010;Statistical Papers;Springer Science and Business Media LLC;lm(yield ~ nitro + I(nitro^2 | yield~nitro | pred~nitro | Where a Quadratic Regression Model Has a Given Gradient. | the x-coordinates of the vertices of two quadratic regression | m1 <- lm(yield ~ nitro + I(nitro^2), dlow);lm, regression;Source: Bachmaier, Martin. 2009. A Confidence Set for That X-Coordinate Where a Quadratic Regression Model Has a Given Gradient. Statistical Papers 50: 649–60. https://doi.org/10.1007/s00362-007-0104-1. || References: Bachmaier, Martin. Test and confidence set for the difference of the x-coordinates of the vertices of two quadratic regression models. Stat Papers (2010) 51:285–296, https://doi.org/10.1007/s00362-008-0159-7 || Description: Trial of wheat with nitrogen fertilizer in two fertility zones || Details: Data from a wheat fertilizer experiment in Germany in two yield zones. In each zone, the design was an RCB with 4 blocks and 11 nitrogen levels. The yield of each plot was measured. Electronic data originally downloaded from http://www.tec.wzw.tum.de/bachmaier/vino.zip (no longer available).;;wiki\datasets\r_package_docs\agridat\topics\bachmaier.nitrogen.md;;5;coordinates;;model, regression
AER;Grunfeld;AER::Grunfeld | plm::Grunfeld;doi;10.1111/j.1468-0475.2010.00513.x;https://doi.org/10.1111/j.1468-0475.2010.00513.x;;yes;journal-article;The Grunfeld Data at 50;"Christian Kleiber; Achim Zeileis";2010;German Economic Review;Walter de Gruyter GmbH;"lm(invest ~ value + capital, data = ggr, subset = firm == ""General Motors"" | lm(invest ~ value + capital, data = ggr | invest ~ value + capital | fm_gm <- lm(invest ~ value + capital, data = ggr, subset = firm == ""General Motors"") | fm_pool <- lm(invest ~ value + capital, data = ggr) | fm_ols <- systemfit(invest ~ value + capital, data = pggr, method = ""OLS"")";lm;"Source: The data are taken from Grunfeld (1958, Appendix, Tables 2-9 and 11-13). || References: Baltagi, B.H. (2002). _Econometrics_, 3rd ed., Berlin: Springer-Verlag. Baltagi, B.H. (2005). _Econometric Analysis of Panel Data_, 3rd ed. Chichester, UK: John Wiley. Greene, W.H. (2003). _Econometric Analysis_, 5th edition. Upper Saddle River, NJ: Prentice Hall. Greene, W.H. (2008). _Econometric Analysis_, 6th edition. Upper Saddle River, NJ: Prentice Hall. Grunfeld, Y. (1958). _The Determinants of Corporate Investment_. Unpublished Ph.D. Dissertation, University of Chicago. Kleiber, C., and Zeileis, A. (2010). “The Grunfeld Data at 50.” _German Economic Review_, *11*(4), 404-417. doi:10.1111/j.1468-0475.2010.00513.x <https://doi.org/10.1111/j.1468-0475.2010.00513.x> || Description: Panel data on 11 large US manufacturing firms over 20 years, for the years 1935-1954. || Details: This is a popular data set for teaching purposes. Unfortunately, there exist several different versions (see Kleiber and Zeileis, 2010, for a detailed discussion). In particular, the version provided by Greene (2003) has a couple of errors for ‘""US Steel""’ (firm 2): investment in 1940 is 261.6 (instead of the correct 361.6), investment in 1952 is 645.2 (instead of the correct 645.5), capital in 1946 is 132.6 (instead of the correct 232.6). Here, we provide the original data from Grunfeld (1958). The data for the first 10 firms are identical to those of Baltagi (2002) or Baltagi (2005), now also used by Greene (2008).";;wiki\datasets\r_package_docs\AER\topics\Grunfeld.md;;4;;panel;
agridat;bachmaier.nitrogen;agridat::bachmaier.nitrogen;doi;10.1007/s00362-007-0104-1;https://doi.org/10.1007/s00362-007-0104-1;;yes;journal-article;A confidence set for that x-coordinate where a quadratic regression model has a given gradient;Martin Bachmaier;2009;Statistical Papers;Springer Science and Business Media LLC;lm(yield ~ nitro + I(nitro^2 | yield~nitro | pred~nitro | Where a Quadratic Regression Model Has a Given Gradient. | the x-coordinates of the vertices of two quadratic regression | m1 <- lm(yield ~ nitro + I(nitro^2), dlow);lm, regression;Source: Bachmaier, Martin. 2009. A Confidence Set for That X-Coordinate Where a Quadratic Regression Model Has a Given Gradient. Statistical Papers 50: 649–60. https://doi.org/10.1007/s00362-007-0104-1. || References: Bachmaier, Martin. Test and confidence set for the difference of the x-coordinates of the vertices of two quadratic regression models. Stat Papers (2010) 51:285–296, https://doi.org/10.1007/s00362-008-0159-7 || Description: Trial of wheat with nitrogen fertilizer in two fertility zones || Details: Data from a wheat fertilizer experiment in Germany in two yield zones. In each zone, the design was an RCB with 4 blocks and 11 nitrogen levels. The yield of each plot was measured. Electronic data originally downloaded from http://www.tec.wzw.tum.de/bachmaier/vino.zip (no longer available).;;wiki\datasets\r_package_docs\agridat\topics\bachmaier.nitrogen.md;;5;coordinates;;model, regression
plm;LaborSupply;plm::LaborSupply;doi;10.1017/cbo9780511811241;https://doi.org/10.1017/cbo9780511811241;;yes;monograph;Microeconometrics;"A. Colin Cameron; Pravin K. Trivedi";2005;;Cambridge University Press;;;Source: Online complements to Ziliak (1997). Journal of Business Economics and Statistics web site: <https://amstat.tandfonline.com/loi/ubes20/>. || References: Colin Cameron A, K. Trivedi P (2005). _Microeconometrics: Methods and Applications_. Cambridge University Press. ISBN 0521848059, doi:10.1017/CBO9780511811241 <https://doi.org/10.1017/CBO9780511811241>. Ziliak JP (1997). “Efficient Estimation with Panel Data When Instruments Are Predetermined: An Empirical Comparison of Moment-Condition Estimators.” _Journal of Business & Economic Statistics_, *15*(4), 419-431. ISSN 07350015. || Description: A panel of 532 observations from 1979 to 1988 || Details: _number of observations_ : 5320;;wiki\datasets\r_package_docs\plm\topics\LaborSupply.md;;4;;panel;
agridat;lasrosas.corn;agridat::lasrosas.corn;doi;10.1111/j.0002-9092.2004.00610.x;https://doi.org/10.1111/j.0002-9092.2004.00610.x;;yes;journal-article;A Spatial Econometric Approach to the Economics of Site‐Specific Nitrogen Management in Corn Production;"Luc Anselin; Rodolfo Bongiovanni; Jess Lowenberg‐DeBoer";2004;American Journal of Agricultural Economics;Wiley;yield ~ long*lat|factor(year | lat~long | yield~nitro|topo | lm(yield ~ 1 + nitro + I(nitro^2 | corn with a spatial regression model. Proceedings of the Fifth | Four Spatial Regression Models for Yield Monitor Data: A Case;lm, regression;Source: The Las Rosas data files were obtained from https://geodacenter.asu.edu/sdata and converted from ESRI shape files to a flat data.frame. || References: Bongiovanni and Lowenberg-DeBoer (2000). Nitrogen management in corn with a spatial regression model. Proceedings of the Fifth International Conference on Precision Agriculture. Anselin, L., R. Bongiovanni, J. Lowenberg-DeBoer (2004). A spatial econometric approach to the economics of site-specific nitrogen management in corn production. American Journal of Agricultural Economics, 86, 675-687. https://doi.org/10.1111/j.0002-9092.2004.00610.x Lambert, Lowenberg-Deboer, Bongiovanni (2004). A Comparison of Four Spatial Regression Models for Yield Monitor Data: A Case Study from Argentina. Precision Agriculture, 5, 579-600. https://doi.org/10.1007/s11119-004-6344-3 Suman Rakshit, Adrian Baddeley, Katia Stefanova, Karyn Reeves, Kefei Chen, Zhanglong Cao, Fiona Evans, Mark Gibberd (2020). Novel approach to the analysis of spatially-varying treatment effects in on-farm experiments. Field Crops Research, 255, 15 September 2020, 107783. https://doi.org/10.1016/j.fcr.2020.107783 || Description: Yield monitor data for a corn field in Argentina with variable nitrogen. || Details: Corn yield and nitrogen fertilizer treatment with field characteristics for the Las Rosas farm, Rio Cuarto, Cordoba, Argentina. Data has 6 nitro treatments, 3 reps, in strips. Data collected using yield monitor, for harvests in 1999 and 2001. The points within each long strip have been averaged so that the distance between points _within_ a strip is the same as the distance _between_ strips (9.8 meters). The topographic factor a factor with levels W = West slope, HT = Hilltop, E = East slope, LO = Low East. The 'rep' factor in this data was added by hand and did not appear in the original data. Slightly different levels of nitrogen were used in the two years, so the nitrogen factor 'nf' was created to have common levels across years. Published descriptions of the data describe the experiment design as having randomized nitrogen treatments. The nitrogen treatments were randomized within one rep, but the same randomization was used in the other two reps. Anselin et al. used corn grain price of $6.85/quintal and nitrogen cost of $0.4348/kg. The corners of the field in 1999 are: https://www.google.com/maps/place/-33.0501258,-63.8488636 https://www.google.com/maps/place/-33.05229635,-63.84181819 Anselin et al. found a significant response to nitrogen for slope. However, Bongiovanni and Lowenberg-DeBoer (2002) found that slope position was NOT significant in 2001. Used with permission of the ASU GeoDa Center.;;wiki\datasets\r_package_docs\agridat\topics\lasrosas.corn.md;;6;spatial;;anova, model, regression
agridat;lasrosas.corn;agridat::lasrosas.corn;doi;10.1007/s11119-004-6344-3;https://doi.org/10.1007/s11119-004-6344-3;;yes;journal-article;A Comparison of Four Spatial Regression Models for Yield Monitor Data: A Case Study from Argentina;"Dayton M. Lambert; James Lowenberg-Deboer; Rodolfo Bongiovanni";2004;Precision Agriculture;Springer Science and Business Media LLC;yield ~ long*lat|factor(year | lat~long | yield~nitro|topo | lm(yield ~ 1 + nitro + I(nitro^2 | corn with a spatial regression model. Proceedings of the Fifth | Four Spatial Regression Models for Yield Monitor Data: A Case;lm, regression;Source: The Las Rosas data files were obtained from https://geodacenter.asu.edu/sdata and converted from ESRI shape files to a flat data.frame. || References: Bongiovanni and Lowenberg-DeBoer (2000). Nitrogen management in corn with a spatial regression model. Proceedings of the Fifth International Conference on Precision Agriculture. Anselin, L., R. Bongiovanni, J. Lowenberg-DeBoer (2004). A spatial econometric approach to the economics of site-specific nitrogen management in corn production. American Journal of Agricultural Economics, 86, 675-687. https://doi.org/10.1111/j.0002-9092.2004.00610.x Lambert, Lowenberg-Deboer, Bongiovanni (2004). A Comparison of Four Spatial Regression Models for Yield Monitor Data: A Case Study from Argentina. Precision Agriculture, 5, 579-600. https://doi.org/10.1007/s11119-004-6344-3 Suman Rakshit, Adrian Baddeley, Katia Stefanova, Karyn Reeves, Kefei Chen, Zhanglong Cao, Fiona Evans, Mark Gibberd (2020). Novel approach to the analysis of spatially-varying treatment effects in on-farm experiments. Field Crops Research, 255, 15 September 2020, 107783. https://doi.org/10.1016/j.fcr.2020.107783 || Description: Yield monitor data for a corn field in Argentina with variable nitrogen. || Details: Corn yield and nitrogen fertilizer treatment with field characteristics for the Las Rosas farm, Rio Cuarto, Cordoba, Argentina. Data has 6 nitro treatments, 3 reps, in strips. Data collected using yield monitor, for harvests in 1999 and 2001. The points within each long strip have been averaged so that the distance between points _within_ a strip is the same as the distance _between_ strips (9.8 meters). The topographic factor a factor with levels W = West slope, HT = Hilltop, E = East slope, LO = Low East. The 'rep' factor in this data was added by hand and did not appear in the original data. Slightly different levels of nitrogen were used in the two years, so the nitrogen factor 'nf' was created to have common levels across years. Published descriptions of the data describe the experiment design as having randomized nitrogen treatments. The nitrogen treatments were randomized within one rep, but the same randomization was used in the other two reps. Anselin et al. used corn grain price of $6.85/quintal and nitrogen cost of $0.4348/kg. The corners of the field in 1999 are: https://www.google.com/maps/place/-33.0501258,-63.8488636 https://www.google.com/maps/place/-33.05229635,-63.84181819 Anselin et al. found a significant response to nitrogen for slope. However, Bongiovanni and Lowenberg-DeBoer (2002) found that slope position was NOT significant in 2001. Used with permission of the ASU GeoDa Center.;;wiki\datasets\r_package_docs\agridat\topics\lasrosas.corn.md;;6;spatial;;anova, model, regression
agridat;besag.endive;agridat::besag.endive;doi;10.1198/1061860043029;https://doi.org/10.1198/1061860043029;;yes;journal-article;Likelihood Estimation and Inference for the Autologistic Model;"N Friel; A. N Pettitt";2004;Journal of Computational and Graphical Statistics;Informa UK Limited;"disease~col*row | Z ~ 0+X | asreml(pres ~ 1, data=dat2, resid = ~ar1(xf | desplot(dat, disease~col*row, | m1 <- autologistic(Z ~ 0+X, A=A, control=list(confint=""none"")) | m2 <- asreml(pres ~ 1, data=dat2,";;Source: J Besag (1978). Some Methods of Statistical Analysis for Spatial Data. _Bulletin of the International Statistical Institute_, 47, 77-92. || References: N Friel & A. N Pettitt (2004). Likelihood Estimation and Inference for the Autologistic Model. _Journal of Computational and Graphical Statistics_, 13:1, 232-246. https://doi.org/10.1198/1061860043029 || Description: Presence of footroot disease in an endive field || Details: In a field of endives, does each plant have footrot, or not? Data are binary on a lattice of 14 x 179 plants. Modeled as an autologistic distribution. We assume the endives are a single genotype. Besag (1978) may have had data taken at 4 time points. This data was extracted from Friel and Pettitt. It is not clear what, if any, time point was used. Friel does not give the dimensions. Besag is not available.;;wiki\datasets\r_package_docs\agridat\topics\besag.endive.md;;4;spatial;;model
agridat;stroup.nin;agridat::stroup.nin;doi;10.1198/108571102780;https://doi.org/10.1198/108571102780;;yes;journal-article;Power analysis based on spatial effects mixed models: A tool for comparing design and analysis strategies in the presence of spatial variability;W. W. Stroup;2002;Journal of Agricultural, Biological, and Environmental Statistics;Springer Science and Business Media LLC;"yield~col*row | yield ~ 0 + gen | asreml(yield ~ gen, random = ~ rep, data=dat, na.action=na.method(x=""omit"" | asreml(yield~gen, data=dat, residual = ~ar1(xf | yield ~ gen | desplot(dat, yield~col*row,";prediction, spatial model;"Source: Stroup, Walter W., P Stephen Baenziger, Dieter K Mulitze (1994) Removing Spatial Variation from Wheat Yield Trials: A Comparison of Methods. _Crop Science_, 86:62-66. https://doi.org/10.2135/cropsci1994.0011183X003400010011x || References: Littell, R.C. and Milliken, G.A. and Stroup, W.W. and Wolfinger, R.D. 1996. _SAS system for mixed models_, SAS Institute, Cary, NC. Jose Pinheiro and Douglas Bates, 2000, _Mixed Effects Models in S and S-Plus_, Springer. Butler, D., B R Cullis, A R Gilmour, B J Goegel. (2004) _Spatial Analysis Mixed Models for S language environments_ W. W. Stroup (2002). Power Analysis Based on Spatial Effects Mixed Models: A Tool for Comparing Design and Analysis Strategies in the Presence of Spatial Variability. _Journal of Agricultural, Biological, and Environmental Statistics_, 7(4), 491-511. https://doi.org/10.1198/108571102780 || Description: The yield data from an advanced Nebraska Intrastate Nursery (NIN) breeding trial conducted at Alliance, Nebraska, in 1988/89. || Details: Four replicates of 19 released cultivars, 35 experimental wheat lines and 2 additional triticale lines were laid out in a 22 row by 11 column rectangular array of plots. The varieties were allocated to the plots using a randomised complete block (RCB) design. Each plot was sown in four rows 4.3 m long and 0.3 m apart. Plots were trimmed down to 2.4 m in length before harvest. The orientation of the plots is not clear from the paper, but the data in Littel et al are given in meters and make the orientation clear. Field length: 11 plots * 4.3 m = 47.3 m Field width: 22 plots * 1.2 m = 26.4 m All plots with missing data are coded as being gen = ""Lancer"". (For ASREML, missing plots need to be included for spatial analysis and the level of 'gen' needs to be one that is already in the data.) These data were first analyzed by Stroup et al (1994) and subsequently by Littell et al (1996, page 321), Pinheiro and Bates (2000, page 260), and Butler et al (2004). This version of the data give the yield in bushels per acre. The yield values published in Stroup et al (1994) are expressed in kg/ha. For wheat, 1 bu/ac = 67.25 kg/ha. Some of the gen names are different in Stroup et al (1994). (Sometimes an experimental genotype is given a new name when it is released for commercial use.) At a minimum, the following differences in gen names should be noted: stroup.nin Stroup et al NE83498 Rawhide KS831374 Karl Some published versions of the data use long/lat instead of col/row. To obtain the correct value of 'long', multiply 'col' by 1.2. To obtain the correct value of 'lat', multiply 'row' by 4.3. Relatively low yields were clustered in the northwest corner, which is explained by a low rise in this part of the field, causing increased exposure to winter kill from wind damage and thus depressed yield. The genotype 'Buckskin' is a known superior variety, but was disadvantaged by assignment to unfavorable locations within the blocks. Note that the figures in Stroup 2002 claim to be based on this data, but the number of rows and columns are both off by 1 and the positions of Buckskin as shown in Stroup 2002 do not appear to be quite right.";;wiki\datasets\r_package_docs\agridat\topics\stroup.nin.md;;6;spatial;;mixed, model, prediction
ade4;pcw;ade4::pcw | vegan::BCI;doi;10.1126/science.1066854;https://doi.org/10.1126/science.1066854;;yes;journal-article;Beta-Diversity in Tropical Forest Trees;"Richard Condit; Nigel Pitman; Egbert G. Leigh; Jérôme Chave; John Terborgh; Robin B. Foster; Percy Núñez; Salomón Aguilar";2002;Science;American Association for the Advancement of Science (AAAS);;;Source: Condit, R., N. Pitman, E. G. Leigh, J. Chave, J. Terborgh, R. B. Foster, P. Núnez, S. Aguilar, R. Valencia, G. Villa, H. C. Muller-Landau, E. Losos, and S. P. Hubbell. (2002) Beta-diversity in tropical forest trees. _Science_, *295*, 666-669. Pyke, C. R., R. Condit, S. Aguilar, and S. Lao. (2001) Floristic composition across a climatic gradient in a neotropical lowland forest. _Journal of Vegetation Science_, *12*, 553-566. || References: Dray, S., R. Pélissier, P. Couteron, M. J. Fortin, P. Legendre, P. R. Peres-Neto, E. Bellier, R. Bivand, F. G. Blanchet, M. De Caceres, A. B. Dufour, E. Heegaard, T. Jombart, F. Munoz, J. Oksanen, J. Thioulouse, and H. H. Wagner. (2012) Community ecology in the age of multivariate multiscale spatial analysis. _Ecological Monographs_, *82*, 257-275. || Description: Abundance of tropical trees, environmental variables and spatial coordinates for 50 sites. Data are available at doi:10.1126/science.1066854 <https://doi.org/10.1126/science.1066854> but plots from Barro Colorado Island were removed.;;wiki\datasets\r_package_docs\ade4\topics\pcw.md;;6;coordinates, spatial;;
agridat;theobald.covariate;agridat::theobald.covariate;doi;10.1198/108571102230;https://doi.org/10.1198/108571102230;;yes;journal-article;A bayesian approach to regional and local-area prediction from crop variety trials;"Chris M. Theobald; Mike Talbot; Fabian Nabugoomu";2002;Journal of Agricultural, Biological, and Environmental Statistics;Springer Science and Business Media LLC;yield ~ chu|gen | lmer(yield ~ -1 + gen + (1|year/env | env~gen | Bayesian Approach to Regional and Local-Area Prediction From Crop | xyplot(yield ~ chu|gen, dat, type=c('p','smooth'), | m0 <- lmer(yield ~ -1 + gen + (1|year/env) + (1|gen:year), data=dat);bayesian, lmer, prediction;Source: Chris M. Theobald and Mike Talbot and Fabian Nabugoomu, 2002. A Bayesian Approach to Regional and Local-Area Prediction From Crop Variety Trials. Journ Agric Biol Env Sciences, 7, 403-419. https://doi.org/10.1198/108571102230 || Description: Corn silage yields for maize in 5 years at 7 districts for 10 hybrids. || Details: The trials were carried out in seven districts in the maritime provinces of Eastern Canada. Different fields were used in successive years. The covariate CHU (Corn Heat Units) is the accumulated average daily temperatures (thousands of degrees Celsius) during the growing season at each location.;;wiki\datasets\r_package_docs\agridat\topics\theobald.covariate.md;;5;regional;;bayesian, prediction
vegan;BCI;vegan::BCI;doi;10.2307/3237007;https://doi.org/10.2307/3237007;;yes;journal-article;Floristic composition across a climatic gradient in a neotropical lowland forest;"Christopher R. Pyke; Richard Condit; Salomón Aguilar; Suzanne Lao";2001;Journal of Vegetation Science;Wiley;;;Source: <https://www.science.org/doi/10.1126/science.1066854> for community data and References for environmental data. For updated complete data (incl. thinner trees down to 1 cm), see Condit et al. (2019). || References: Condit, R, Pitman, N, Leigh, E.G., Chave, J., Terborgh, J., Foster, R.B., Nuñez, P., Aguilar, S., Valencia, R., Villa, G., Muller-Landau, H.C., Losos, E. & Hubbell, S.P. (2002). Beta-diversity in tropical forest trees. _Science_ 295, 666-669. Condit R., Pérez, R., Aguilar, S., Lao, S., Foster, R. & Hubbell, S. (2019). Complete data from the Barro Colorado 50-ha plot: 423617 trees, 35 years [Dataset]. _Dryad_. doi:10.15146/5xcp-0d46 <https://doi.org/10.15146/5xcp-0d46> Condit, R., Aguilar, S., Lao, S., Foster, R., Hubbell, S. (2020). BCI 50-ha Plot Taxonomy [Dataset]. _Dryad_. doi:10.15146/R3FH61 <https://doi.org/10.15146/R3FH61> Harms K.E., Condit R., Hubbell S.P. & Foster R.B. (2001) Habitat associations of trees and shrubs in a 50-ha neotropical forest plot. _J. Ecol._ 89, 947-959. Kress W.J., Erickson D.L, Jones F.A., Swenson N.G, Perez R., Sanjur O. & Bermingham E. (2009) Plant DNA barcodes and a community phylogeny of a tropical forest dynamics plot in Panama. _PNAS_ 106, 18621-18626. Pyke, C. R., Condit, R., Aguilar, S., & Lao, S. (2001). Floristic composition across a climatic gradient in a neotropical lowland forest. _Journal of Vegetation Science_ 12, 553-566. doi:10.2307/3237007 <https://doi.org/10.2307/3237007> Zanne A.E., Tank D.C., Cornwell, W.K., Eastman J.M., Smith, S.A., FitzJohn, R.G., McGlinn, D.J., O’Meara, B.C., Moles, A.T., Reich, P.B., Royer, D.L., Soltis, D.E., Stevens, P.F., Westoby, M., Wright, I.J., Aarssen, L., Bertin, R.I., Calaminus, A., Govaerts, R., Hemmings, F., Leishman, M.R., Oleksyn, J., Soltis, P.S., Swenson, N.G., Warman, L. & Beaulieu, J.M. (2014) Three keys to the radiation of angiosperms into freezing environments. _Nature_ 506, 89-92. doi:10.1038/nature12872 <https://doi.org/10.1038/nature12872> (published online Dec 22, 2013). || Description: Tree counts in 1-hectare plots in the Barro Colorado Island and associated site information. || Details: Data give the numbers of trees at least 10 cm in diameter at breast height (DBH) in each one hectare quadrat in the 1982 BCI plot. Within each plot, all individuals were tallied and are recorded in this table. The full survey included smaller trees with DBH 1 cm or larger, but the ‘BCI’ dataset is a subset of larger trees as compiled by Condit et al. (2002). The full data with thinner trees has densities above 4000 stems per hectare, or about ten times more stems than these data. The dataset ‘BCI’ was provided (in 2003) to illustrate analysis methods in ‘vegan’. For scientific research on ecological issues we strongly recommend to access complete and more modern data (Condit et al. 2019) with updated taxonomy (Condit et al. 2020). The data frame contains only the Barro Colorado Island subset of the full data table of Condit et al. (2002). The quadrats are located in a regular grid. See ‘BCI.env’ for the coordinates. A full description of the site information in ‘BCI.env’ is given in Pyke et al. (2001) and Harms et al. (2001). _N.B._ Pyke et al. (2001) and Harms et al. (2001) give conflicting information about forest age categories and elevation.;;wiki\datasets\r_package_docs\vegan\topics\BCI.md;;3;coordinates;;
plm;Cigar;plm::Cigar;doi;10.1162/003465300558551;https://doi.org/10.1162/003465300558551;;yes;journal-article;To Pool or Not to Pool: Homogeneous Versus Heterogeneous Estimators Applied to Cigarette Demand;"Badi H. Baltagi; James M. Griffin; Weiwen Xiong";2000;Review of Economics and Statistics;MIT Press - Journals;;;Source: Online complements to Baltagi (2001): <https://www.wiley.com/legacy/wileychi/baltagi/> Online complements to Baltagi (2013): <https://bcs.wiley.com/he-bcs/Books?action=resource&bcsId=4338&itemId=1118672321&resourceId=13452> || References: Baltagi BH (2001). _Econometric Analysis of Panel Data_, 3rd edition. John Wiley and Sons ltd. Baltagi BH (2013). _Econometric Analysis of Panel Data_, 5th edition. John Wiley and Sons ltd. Baltagi B, Levin D (1992). “Cigarette taxation: Raising revenues and reducing consumption.” _Structural Change and Economic Dynamics_, *3*(2), 321-335. <https://doi.org/10.1016/0954-349X(92)90010-4>. Baltagi BH, Griffin JM, Xiong W (2000). “To Pool or Not to Pool: Homogeneous Versus Heterogeneous Estimators Applied to Cigarette Demand.” _The Review of Economics and Statistics_, *82*(1), 117-126. doi:10.1162/003465300558551 <https://doi.org/10.1162/003465300558551>, https://doi.org/10.1162/003465300558551. || Description: a panel of 46 observations from 1963 to 1992 || Details: _total number of observations_ : 1380 _observation_ : regional _country_ : United States;;wiki\datasets\r_package_docs\plm\topics\Cigar.md;;7;regional;panel;
agridat;holland.arthropods;agridat::holland.arthropods;doi;10.1017/s0007485399000656;https://doi.org/10.1017/s0007485399000656;;yes;journal-article;The within-field spatial and temporal distribution of arthropods in winter wheat;"J.M. Holland; J.N. Perry; L. Winder";1999;Bulletin of Entomological Research;Cambridge University Press (CUP);linyphiidae ~ col*row | n.brevicollis ~ col*row | linyphiidae~ col*row | collembola ~ col*row | carabidae ~ col*row | lycosidae ~ col*row;;Source: Holland J. M., Perry J. N., Winder, L. (1999). The within-field spatial and temporal distribution of arthropods within winter wheat. Bulletin of Entomological Research, 89: 499-513. Figure 3 (large grid in 1996). https://doi.org/10.1017/S0007485399000656 || Description: Counts of arthropods in a grid-sampled wheat field || Details: Arthropods were sampled at 30m x 30m grid in a wheat field near Wimborne, Dorest, UK on 6 dates in Jun/Jul 1996. Arthropod counts were aggregated across the 6 dates. Holland et al. used SADIE (Spatial Analysis by Distance Indices) to look for spatial patterns. Significant patterns were found for N. brevicollis, Carabidae, Lycosidae. The Lycosidae counts were also significantly associated with weed cover. Used with permission of John Holland.;;wiki\datasets\r_package_docs\agridat\topics\holland.arthropods.md;;7;spatial;temporal;
agridat;besag.elbatan;agridat::besag.elbatan | agridat::besag.met;doi;10.1111/1467-9868.00201;https://doi.org/10.1111/1467-9868.00201;;yes;journal-article;Bayesian Analysis of Agricultural Field Experiments;"Julian Besag; David Higdon";1999;Journal of the Royal Statistical Society Series B: Statistical Methodology;Oxford University Press (OUP);yield~col*row | yield~row|col | lm(yield ~ 0 + gen + factor(col | gam(yield ~ -1 + gen + factor(col | https://web.archive.org/web/19991008143232/www.stat.duke.edu/~higdon/trials/elbatan.dat | Julian Besag and D Higdon, 1999. Bayesian Analysis of;bayesian, gam, lm, prediction;Source: Julian Besag and D Higdon, 1999. Bayesian Analysis of Agricultural Field Experiments, Journal of the Royal Statistical Society: Series B,61, 691-746. Table 1. https://doi.org/10.1111/1467-9868.00201 || References: Wilkinson 1984. Besag & Seheult 1989. || Description: RCB experiment of wheat, 50 varieties in 3 blocks with strong spatial trend. || Details: RCB experiment on wheat at El Batan, Mexico. There are three single-column replicates with 50 varieties in each replicate. Plot dimensions are not given by Besag. Data retrieved from https://web.archive.org/web/19991008143232/www.stat.duke.edu/~higdon/trials/elbatan.dat Used with permission of David Higdon.;;wiki\datasets\r_package_docs\agridat\topics\besag.elbatan.md;;5;spatial;;bayesian, prediction
agridat;verbyla.lupin;agridat::verbyla.lupin;doi;10.1111/1467-9876.00154;https://doi.org/10.1111/1467-9876.00154;;yes;journal-article;The Analysis of Designed Experiments and Longitudinal Data by Using Smoothing Splines;"Arũnas P. Verbyla; Brian R. Cullis; Michael G. Kenward; Sue J. Welham";1999;Journal of the Royal Statistical Society Series C: Applied Statistics;Oxford University Press (OUP);gen~col+row|site | yield ~ rate|loc*gen | asreml(yield ~ 1 + site + linrate + site:linrate, data = dat, random = ~ spl(rate | desplot(dat, gen~col+row|site, | foo <- xyplot(yield ~ rate|loc*gen, data=dat, subset=year==92, | m0 <- asreml(yield ~ 1;variogram;"Source: Arunas P. Verbyla and Brian R. Cullis and Michael G. Kenward and Sue J. Welham, (1999). The analysis of designed experiments and longitudinal data by using smoothing splines. Appl. Statist., 48, 269-311. https://doi.org/10.1111/1467-9876.00154 Arunas P. Verbyla and Brian R. Cullis and Michael G. Kenward and Sue J. Welham, (1997). The analysis of designed experiments and longitudinal data by using smoothing splines. University of Adelaide, Department of Statistics, Research Report 97/4. https://https://citeseerx.ist.psu.edu/viewdoc/summary?doi=10.1.1.56.808 || Description: Yield of 9 varieties of lupin at different planting densities across 2 years and multiple locations. || Details: Nine varieties of lupin were tested for yield response to plant density at 11 sites. The target density in 1991 was 10, 20, ..., 60 plants per m^2, and in 1992 was 20, 30, ..., 70 plants per m^2. Plot dimensions are not given. The variety Myallie was grown only in 1992. Each site had 2 reps in 1991 and 3 reps in 1992. Each rep was laid out as a factorial RCB design; one randomization was used for all sites in 1991 and one (different) randomization was used for all sites in 1992. (This was confirmed with the principal investigator.) In 1991 at the Mt. Barker location, the data for columns 5 and 6 was discarded due to problems with weeds. Variety 'Myallie' was called '84L:439' in Verbyla 1997. The year of release for the varieties is Unicrop 1973 Illyarrie 1979 Yandee 1980 Danja 1986 Gungurru 1988 Yorrel 1989 Warrah 1989 Merrit 1991 Myallie 1995 Data retrieved Oct 2010 from https://www.blackwellpublishers.co.uk/rss. (No longer available). Used with permission of Blackwell Publishing.";;wiki\datasets\r_package_docs\agridat\topics\verbyla.lupin.md;;4;;longitudinal;
agridat;gotway.hessianfly;agridat::gotway.hessianfly;doi;10.2307/1400401;https://doi.org/10.2307/1400401;;yes;journal-article;A Generalized Linear Model Approach to Spatial Data Analysis and Prediction;"C. A. Gotway; W. W. Stroup";1997;Journal of Agricultural, Biological, and Environmental Statistics;Springer Science and Business Media LLC;prop~long*lat | glmer(cbind(y, n-y | C. A. Gotway and W. W. Stroup. A Generalized Linear Model | Approach to Spatial Data Analysis and Prediction _Journal of | desplot(dat, prop~long*lat, | m1 = HLCor(cbind(y, n-y) ~ 1 + gen + (1|block) + Matern(1|long+lat),;generalized linear, glmer, prediction;Source: C. A. Gotway and W. W. Stroup. A Generalized Linear Model Approach to Spatial Data Analysis and Prediction _Journal of Agricultural, Biological, and Environmental Statistics_, 2, 157-178. https://doi.org/10.2307/1400401 || References: The GLIMMIX procedure. https://www.ats.ucla.edu/stat/SAS/glimmix.pdf || Description: Hessian fly damage to wheat varieties || Details: The response is binomial. Each plot was square.;;wiki\datasets\r_package_docs\agridat\topics\gotway.hessianfly.md;;7;spatial;;generalized linear, glm, model, prediction
agridat;stroup.nin;agridat::stroup.nin;doi;10.2135/cropsci1994.0011183x003400010011x;https://doi.org/10.2135/cropsci1994.0011183x003400010011x;;yes;journal-article;Removing Spatial Variation from Wheat Yield Trials: A Comparison of Methods;"Walter W. Stroup; P. Stephen Baenziger; Dieter K. Mulitze";1994;Crop Science;Wiley;"yield~col*row | yield ~ 0 + gen | asreml(yield ~ gen, random = ~ rep, data=dat, na.action=na.method(x=""omit"" | asreml(yield~gen, data=dat, residual = ~ar1(xf | yield ~ gen | desplot(dat, yield~col*row,";prediction, spatial model;"Source: Stroup, Walter W., P Stephen Baenziger, Dieter K Mulitze (1994) Removing Spatial Variation from Wheat Yield Trials: A Comparison of Methods. _Crop Science_, 86:62-66. https://doi.org/10.2135/cropsci1994.0011183X003400010011x || References: Littell, R.C. and Milliken, G.A. and Stroup, W.W. and Wolfinger, R.D. 1996. _SAS system for mixed models_, SAS Institute, Cary, NC. Jose Pinheiro and Douglas Bates, 2000, _Mixed Effects Models in S and S-Plus_, Springer. Butler, D., B R Cullis, A R Gilmour, B J Goegel. (2004) _Spatial Analysis Mixed Models for S language environments_ W. W. Stroup (2002). Power Analysis Based on Spatial Effects Mixed Models: A Tool for Comparing Design and Analysis Strategies in the Presence of Spatial Variability. _Journal of Agricultural, Biological, and Environmental Statistics_, 7(4), 491-511. https://doi.org/10.1198/108571102780 || Description: The yield data from an advanced Nebraska Intrastate Nursery (NIN) breeding trial conducted at Alliance, Nebraska, in 1988/89. || Details: Four replicates of 19 released cultivars, 35 experimental wheat lines and 2 additional triticale lines were laid out in a 22 row by 11 column rectangular array of plots. The varieties were allocated to the plots using a randomised complete block (RCB) design. Each plot was sown in four rows 4.3 m long and 0.3 m apart. Plots were trimmed down to 2.4 m in length before harvest. The orientation of the plots is not clear from the paper, but the data in Littel et al are given in meters and make the orientation clear. Field length: 11 plots * 4.3 m = 47.3 m Field width: 22 plots * 1.2 m = 26.4 m All plots with missing data are coded as being gen = ""Lancer"". (For ASREML, missing plots need to be included for spatial analysis and the level of 'gen' needs to be one that is already in the data.) These data were first analyzed by Stroup et al (1994) and subsequently by Littell et al (1996, page 321), Pinheiro and Bates (2000, page 260), and Butler et al (2004). This version of the data give the yield in bushels per acre. The yield values published in Stroup et al (1994) are expressed in kg/ha. For wheat, 1 bu/ac = 67.25 kg/ha. Some of the gen names are different in Stroup et al (1994). (Sometimes an experimental genotype is given a new name when it is released for commercial use.) At a minimum, the following differences in gen names should be noted: stroup.nin Stroup et al NE83498 Rawhide KS831374 Karl Some published versions of the data use long/lat instead of col/row. To obtain the correct value of 'long', multiply 'col' by 1.2. To obtain the correct value of 'lat', multiply 'row' by 4.3. Relatively low yields were clustered in the northwest corner, which is explained by a low rise in this part of the field, causing increased exposure to winter kill from wind damage and thus depressed yield. The genotype 'Buckskin' is a known superior variety, but was disadvantaged by assignment to unfavorable locations within the blocks. Note that the figures in Stroup 2002 claim to be based on this data, but the number of rows and columns are both off by 1 and the positions of Buckskin as shown in Stroup 2002 do not appear to be quite right.";;wiki\datasets\r_package_docs\agridat\topics\stroup.nin.md;;6;spatial;;mixed, model, prediction
agridat;connolly.potato;agridat::connolly.potato;doi;10.1111/j.1744-7348.1993.tb04099.x;https://doi.org/10.1111/j.1744-7348.1993.tb04099.x;;yes;journal-article;Inter‐plot competition in yield trials of potatoes <i>(Solanum tuberosum</i> L.) with single‐drill plots;"T CONNOLLY; I D CURRIE; J E BRADSHAW; J W McNICOL";1993;Annals of Applied Biology;Wiley;yield~col*row | yield~matur | yield~gen | row~col | yield ~ cov | lm(yield ~ 0 + gen + rep + cov, data=dat;lm;Source: Connolly, T and Currie, ID and Bradshaw, JE and McNicol, JW. (1993). Inter-plot competition in yield trials of potatoes _Solanum tuberosum L._ with single-drill plots. Annals of Applied Biology, 123, 367-377. || References: Chaves, S.F.S., Ferreira, F.M., Ferreira, G.C. et al. Incorporating spatial and genetic competition into breeding pipelines with the R package gencomp. Heredity (2025). https://doi.org/10.1038/s41437-024-00743-9 || Description: Potato yields in single-drill plots || Details: Connolly et el use this data to illustrate how yield can be affected by competition from neighboring plots. This data uses M1, M2, M3 for maturity, while Connolly et al use FE (first early), SE (second early) and M (maincrop). The trial was 20 sections, each of which was an independent row of 20 drills. The data here are four reps of single-drill plots from sections 1, 6, 11, and 16. The neighbor covariate for a plot is defined as the average of the plots to the left and right. For drills at the edge of the trial, the covariate was the average of the one neighboring plot yield and the section (i.e. rep) mean. It would be interesting to fit a model that uses differences in maturity between a plot and its neighbor as the actual covariate. https://doi.org/10.1111/j.1744-7348.1993.tb04099.x Used with permission of Iain Currie.;;wiki\datasets\r_package_docs\agridat\topics\connolly.potato.md;;4;spatial;;model
plm;SumHes;plm::SumHes;doi;10.2307/2937941;https://doi.org/10.2307/2937941;;yes;journal-article;The Penn World Table (Mark 5): An Expanded Set of International Comparisons, 1950-1988;"Robert Summers; Alan Heston";1991;The Quarterly Journal of Economics;Oxford University Press (OUP);;;Source: Online supplements to Hayashi (2000). || References: Hayashi F (2000). _Econometrics_. Princeton University Press. Summers R, Heston A (1991). “The Penn World Table (Mark 5): An Expanded Set of International Comparisons, 1950–1988.” _The Quarterly Journal of Economics_, *106*, 327-68. doi:10.2307/2937941 <https://doi.org/10.2307/2937941>. || Description: A panel of 125 observations from 1960 to 1985 || Details: _total number of observations_ : 3250 _observation_ : country _country_ : World;;wiki\datasets\r_package_docs\plm\topics\SumHes.md;;4;;panel;
agridat;crossa.wheat;agridat::crossa.wheat;doi;10.1007/bf00226108;https://doi.org/10.1007/bf00226108;;yes;journal-article;AMMI adjustment for statistical analysis of an international wheat yield trial;"J. Crossa; P. N. Fox; W. H. Pfeiffer; S. Rajaram; H. G. Gauch";1991;Theoretical and Applied Genetics;Springer Science and Business Media LLC;"yield~gen*loc | Jr, HG. (1991). AMMI adjustment for statistical analysis of an | # AMMI biplot. Fig 3 of Crossa et al. | m1 <- with(dat, AMMI(E=loc, G=gen, R=1, Y=yield)) | main=""crossa.wheat AMMI biplot"", | m2 <- gge(dat2, yield~gen*loc,";ammi;Source: Crossa, J and Fox, PN and Pfeiffer, WH and Rajaram, S and Gauch Jr, HG. (1991). AMMI adjustment for statistical analysis of an international wheat yield trial. Theoretical and Applied Genetics, 81, 27-37. https://doi.org/10.1007/BF00226108 || References: Jean-Louis Laffont, Kevin Wright and Mohamed Hanafi (2013). Genotype + Genotype x Block of Environments (GGB) Biplots. Crop Science, 53, 2332-2341. https://doi.org/10.2135/cropsci2013.03.0178 || Description: Wheat yields for 18 genotypes at 25 locations || Details: Grain yield from the 8th Elite Selection Wheat Yield Trial to evaluate 18 bread wheat genotypes at 25 locations in 15 countries. Cross et al. used this data to cluster loctions into 2 mega-environments and clustered genotypes into 3 wheat clusters. Locations Code Country Location Latitude (N) Elevation (m) AK Algeria El Khroub 36 640 AL Algeria Setif 36 1,023 BJ Bangladesh Joydebpur 24 8 CA Cyprus Athalassa 35 142 EG Egypt E1 Gemmeiza 31 8 ES Egypt Sakha 31 6 EB Egypt Beni-Suef 29 28 IL India Ludhiana 31 247 ID India Delhi 29 228 JM Jordan Madaba 36 785 KN Kenya Njoro 0 2,165 MG Mexico Guanajuato 21 1765 MS Mexico Sonora 27 38 MM Mexico Michoacfin 20 1517 NB Nepal Bhairahwa 27 105 PI Pakistan Islamabad 34 683 PA Pakistan Ayub 32 213 SR Saudi Arabia Riyadh 24 600 SG Sudan Gezira 14 411 SE Spain Encinar 38 20 SJ Spain Jerez 37 180 SC Spain Cordoba 38 110 SS Spain Sevilla 38 20 TB Tunisia Beja 37 150 TC Thailand Chiang Mai 18 820 Used with permission of Jose' Crossa.;;wiki\datasets\r_package_docs\agridat\topics\crossa.wheat.md;;4;latitude;;ammi
agridat;cullis.earlygen;agridat::cullis.earlygen;doi;10.2307/2348066;https://doi.org/10.2307/2348066;;yes;journal-article;A New Procedure for the Analysis of Early Generation Variety Trials;"Brian R. Cullis; Warwick J. Lill; John A. Fisher; Barbara J. Read; Alan C. Gleeson";1989;Applied Statistics;JSTOR;check ~ col*row | yield ~ col*row | weed ~ col*row | yield ~ as.character(weed | asreml(yield ~ weed, data=dat, random= ~gen, resid = ~ ar1(xf | yield~weed+pol(col;variogram;"Source: Brian R. Cullis, Warwick J. Lill, John A. Fisher, Barbara J. Read and Alan C. Gleeson (1989). A New Procedure for the Analysis of Early Generation Variety Trials. _Journal of the Royal Statistical Society. Series C (Applied Statistics)_, 38, 361-375. https://doi.org/10.2307/2348066 || References: Unreplicated early generation variety trial in Wheat. https://www.vsni.co.uk/software/asreml/htmlhelp/asreml/xwheat.htm || Description: Early generation variety trial in wheat || Details: The data are from a field experiment conducted at Tullibigeal, New South Wales, Australia in 1987-88. The aim of these trials is to identify and retain the top (10-20 percent) lines for further testing. Most genotypes are unreplicated, with some augmented genotypes. In each row, every 6th plot was variety 526 = 'Kite'. Six other varieties 527-532 were randomly placed in the trial, with 3 to 5 plots of each. Each plot was 15m x 1.8m, ""oriented with the longest side with rows"". The 'weed' variable is a visual score on a 0 to 10 scale, 0 = no weeds, 10 = 100 percent weeds. Cullis et al. (1989) presented an analysis of early generation variety trials that included a one-dimensional spatial analysis. Below, a two-dimensional spatial analysis is presented. Note: The 'row' and 'col' variables are as in the VSN link below (switched compared to the paper by Cullis et al.) Field width: 10 rows * 15 m = 150 m Field length: 67 plots * 1.8 m = 121 m The orientation is not certain, but the alternative orientation would have a field roughly 20m x 1000m, which seems unlikely.";;wiki\datasets\r_package_docs\agridat\topics\cullis.earlygen.md;;3;spatial;;
agridat;williams.barley.uniformity;agridat::williams.barley.uniformity | agridat::williams.cotton.uniformity;doi;10.1071/ar9880339;https://doi.org/10.1071/ar9880339;;yes;journal-article;The use of uniformity data in the design and analysis of cotton and barley variety trials;"ER Williams; DJ Luckett";1988;Australian Journal of Agricultural Research;CSIRO Publishing;yield ~ col*row | yield~col*row | fit~col*row | aov(yield ~ factor(row | desplot(dat, yield ~ col*row, | dat$fit <- fitted(loess(yield~col*row, dat, span=.1));anova;Source: Williams, ER and Luckett, DJ. 1988. The use of uniformity data in the design and analysis of cotton and barley variety trials. Australian Journal of Agricultural Research, 39, 339-350. https://doi.org/10.1071/AR9880339 || References: Maria Xose Rodriguez-Alvarez, Martin P. Boer, Fred A. van Eeuwijk, Paul H. C. Eilersd (2018). Correcting for spatial heterogeneity in plant breeding experiments with P-splines. Spatial Statistics, 23, 52-71. https://doi.org/10.1016/j.spasta.2017.10.003 || Description: Uniformity trial of barley at Narrabri, New South Wales, 1984. || Details: Grown at Roseworthy Agricultural College. Plots were 5 m long (4 m sown, 3.3 m harvested) by 0.75 m wide. A three-plot seeder was used, planting in a serpentine fashion. Williams noted that it appears that the middle plot of each pass has a lower yield, possibly due to soil compaction from the tractor. Field width: 48 plots * .75 m = 36 m Field length: 15 plots * 5 m = 75 m;;wiki\datasets\r_package_docs\agridat\topics\williams.barley.uniformity.md;;4;spatial;;anova
agridat;lin.unbalanced;agridat::lin.unbalanced;doi;10.4141/cjps88-130;https://doi.org/10.4141/cjps88-130;;yes;journal-article;A METHOD FOR ASSESSING REGIONAL TRIAL DATA WHEN THE TEST CULTIVARS ARE UNBALANCED WITH RESPECT TO LOCATIONS;"C. S. LIN; M. R. BINNS";1988;Canadian Journal of Plant Science;Canadian Science Publishing;"yield ~ loc | gen ~ loc | # aggregate(yield ~ loc, data=dat, FUN=max) | aggregate(yield ~ loc, data=dat2, FUN=mean) | dat3 <- acast(dat, gen ~ loc, value.var=""yield"")";;"Source: C. S. Lin, M. R. Binns (1988). A Method for Assessing Regional Trial Data When The Test Cultivars Are Unbalanced With Respect to Locations. _Canadian Journal of Plant Science_, 68(4): 1103-1110. https://doi.org/10.4141/cjps88-130 || References: None || Description: Multi-environment trial of 33 barley genotypes in 18 locations || Details: Yield of six-row barley from the 1986 Eastern Cooperative trial The named cultivars Bruce, Laurier, Leger are checks, while the other cultivars were tests. Cultivar names use the following codes: ""A"" is for Atlantic-Quebec. ""O"" is for ""Ontario"". ""S"" is second-year. ""T"" is third-year.";;wiki\datasets\r_package_docs\agridat\topics\lin.unbalanced.md;;3;regional;;
agridat;kenward.cattle;agridat::kenward.cattle;doi;10.2307/2347788;https://doi.org/10.2307/2347788;;yes;journal-article;A Method for Comparing Profiles of Repeated Measurements;Michael G. Kenward;1987;Applied Statistics;JSTOR;weight~day|trt | lmer(weight ~ trt*poly(day, 4 | lmer(weight ~ trt + poly(day, 4 | lmer(weight ~ poly(day, 4 | pred ~ day|trt | weight ~ trt + poly(day;anova, lmer;Source: Kenward, Michael G. (1987). A Method for Comparing Profiles of Repeated Measurements. _Applied Statistics_, 36, 296-308. Table 1. https://doi.org/10.2307/2347788 || References: W. Zhang, C. Leng and C. Y. Tang (2015). A joint modelling approach for longitudinal studies _J. R. Statist. Soc. B_, 77 (2015), 219-238. https://doi.org/10.1111/rssb.12065 || Description: Repeated measurements of the weights of calves from a trial on the control of intestinal parasites. || Details: Grazing cattle can ingest larvae, which deprives the host animal of nutrients and weakens the immune system, affecting the growth of the animal. Two treatments A and B were applied randomly to 60 animals (30 each in two groups) to control the disease. Each animal was weighed 11 times at two-week intervals (one week between the final two measurements). Is there a difference in treatments, and when does that difference first become manifest?;;wiki\datasets\r_package_docs\agridat\topics\kenward.cattle.md;;6;;longitudinal;anova, model
agridat;hutchinson.cotton.uniformity;agridat::hutchinson.cotton.uniformity;doi;10.2307/2981720;https://doi.org/10.2307/2981720;;yes;journal-article;Continuous Second Order Models of Spatial Variation with Application to the Efficiency of Field Crop Experiments;"A. C. Brewer; R. Mead";1986;Journal of the Royal Statistical Society. Series A (General);JSTOR;yield ~ col*row | desplot(dat, yield ~ col*row,;;"Source: Rothamsted Research Library, Box STATS17 WG Cochran, Folder 2. || References: A. C. Brewer and R. Mead (1986). Continuous Second Order Models of Spatial Variation with Application to the Efficiency of Field Crop Experiments. Journal of the Royal Statistical Society. Series A (General), 149(4), 314–348. See page 325. http://doi.org/10.2307/2981720 || Description: Uniformity trial of cotton harvested in 1941 || Details: The data are lint yield from single plants in a cotton uniformity trial in St. Vincent in 1940-41. The experiment was planted in 50 rows with 40 plants in each row. The spacing was 1.5 feet within rows and 4 feet between rows. Field length: 40 plants * 1.5 feet = 60 feet Field width: 50 columns * 4 feet = 200 feet This data was made available with special help from the staff at Rothamsted Research Library. Transcription details: Rothamsted library scanned the paper documents to pdf. K.Wright used the pdf to manually type the values into an Excel file and checked the hand-typed values. Plants marked as ""Dead"" on the PDF were left blank. There were 6 numbers that were illegible in the PDF. These were also left blank.";;wiki\datasets\r_package_docs\agridat\topics\hutchinson.cotton.uniformity.md;;4;spatial;;model
agridat;hanks.sprinkler;agridat::hanks.sprinkler;doi;10.2136/sssaj1980.03615995004400040048x;https://doi.org/10.2136/sssaj1980.03615995004400040048x;;yes;journal-article;Statistical Analysis of Results from Irrigation Experiments Using the Line‐Source Sprinkler System;"R. J. Hanks; D. V. Sisson; R. L. Hurst; K. G. Hubbard";1980;Soil Science Society of America Journal;Wiley;yield~subplot*row | yield~subplot|block | asreml(yield ~ gen + dir + irrf + gen:dir + gen:irrf + dir:irrf, data=dat, random= ~ block + block:dir + block:irrf, resid = ~ block:gen:corb(subf, 3 | Stroup, W. W. (1989). Use of Mixed Model Procedure to Analyze | desplot(dat, yield~subplot*row, | xyplot(yield~subplot|block, dat, type=c('b'), group=gen,;mixed model;Source: Hanks, R.J., Sisson, D.V., Hurst, R.L, and Hubbard K.G. (1980). Statistical Analysis of Results from Irrigation Experiments Using the Line-Source Sprinkler System. _Soil Science Society of America Journal_, 44, 886-888. https://doi.org/10.2136/sssaj1980.03615995004400040048x || References: Johnson, D. E., Chaudhuri, U. N., and Kanemasu, E. T. (1983). Statistical Analysis of Line-Source Sprinkler Irrigation Experiments and Other Nonrandomized Experiments Using Multivariate Methods. Soil Science Society American Journal, 47, 309-312. Stroup, W. W. (1989). Use of Mixed Model Procedure to Analyze Spatially Correlated Data: An Example Applied to a Line-Source Sprinkler Irrigation Experiment. Applications of Mixed Models in Agriculture and Related Disciplines, Southern Cooperative Series Bulletin No. 343, 104-122. SAS Stat User's Guide. https://support.sas.com/documentation/cdl/en/statug/63347/HTML/default/viewer.htm#statug_mixed_sect038.htm || Description: Three wheat varieties planted in 3 blocks, with a line sprinkler crossing all whole plots. || Details: A line-source sprinkler is placed through the middle of the experiment (between subplots 6 and 7). Subplots closest to the sprinkler receive the most irrigation. Subplots far from the sprinkler (near the edges) have the lowest yields. One data value was modified from the original (following the example of other authors).;;wiki\datasets\r_package_docs\agridat\topics\hanks.sprinkler.md;;5;spatial;;mixed, model
agridat;tai.potato;agridat::tai.potato;doi;10.2135/cropsci1971.0011183x001100020006x;https://doi.org/10.2135/cropsci1971.0011183x001100020006x;;yes;journal-article;Genotypic Stability Analysis and Its Application to Potato Regional Trials;George C. C. Tai;1971;Crop Science;Wiley;"variety ~ yield|env | dotplot(variety ~ yield|env, dat, main=""tai.potato"")";;Source: G.C.C. Tai, 1971. Genotypic stability analysis and its application to potato regional trials. Crop Sci 11, 184-190. Table 2, p. 187. https://doi.org/10.2135/cropsci1971.0011183X001100020006x || References: George Fernandez (1991). Analysis of Genotype x Environment Interaction by Stability Estimates. _Hort Science_, 26, 947-950. || Description: Multi-environment trial of potato tuber yields || Details: Mean tuber yield of 8 genotypes in 3 locations over two years. Katahdin and Sebago are check varieties. Each location was planted as a 4-rep RCB design. In Tai's plot of the stability parameters, F5751 and Sebago were in the average stability area. The highest yielding genotype F6032 had an unstable performance.;;wiki\datasets\r_package_docs\agridat\topics\tai.potato.md;;3;regional;;
agridat;mercer.wheat.uniformity;agridat::mercer.wheat.uniformity;doi;10.2307/3028105;https://doi.org/10.2307/3028105;;yes;journal-article;Fundamental Distribution of Errors for Agricultural Field Trials;G. A. Baker;1941;National Mathematics Magazine;JSTOR;"grain ~ col*row | straw ~ grain | desplot(dat, grain ~ col*row, | xyplot(straw ~ grain, data=dat, type=c('p','r'), | main=""mercer.wheat.uniformity - regression"") | hexbinplot(straw ~ grain, data=dat)";regression, variogram;Source: Mercer, WB and Hall, AD, (1911). The experimental error of field trials. The Journal of Agricultural Science, 4, 107-132. Table 5. https://doi.org/10.1017/S002185960000160X || References: Baker, G. A. (1941). Fundamental Distribution of Errors for Agricultural Field Trials. _National Mathematics Magazine_, 16, 7-19. https://doi.org/10.2307/3028105 Ehrenberg, P. (1915). Versuch eines Beweises für die Anwendbarkeit der Wahrscheinlichkeitsrechnung bei Feldversuchen. Die Landwwirthschaftlichen Versuchs-Stationen 87, 29-88. https://www.google.com/books/edition/Die_Landwirthschaftlichen_Versuchs_Stati/qFPbIBaHZKUC McCullagh, P. and Clifford, D., (2006). Evidence for conformal invariance of crop yields, Proceedings of the Royal Society A: Mathematical, Physical and Engineering Science, 462, 2119-2143. https://doi.org/10.1098/rspa.2006.1667 Roemer, Theodor (1920). Der Feldversuch. Page 65, table 6. https://www.google.com/books/edition/Arbeiten_der_Deutschen_Landwirtschafts_G/7zBSAQAAMAAJ The 'spdep' package includes the grain yields (only) and spatial positions of plot centres in its example dataset 'wheat'. Note, checked that all '4.03' values in this data match the original document. || Description: Uniformity trial of wheat at Rothamsted Experiment Station, England, 1910. || Details: The wheat crop was grown in the summer of 1910 at Rothamsted Experiment Station (Harpenden, Hertfordshire, England). In the Great Knott, a seemingly uniform area of 1 acre was harvested in separate plots, each 1/500th acre in size. The grain and straw from each plot was weighed separately. McCullagh gives more information about the plot size. Field width: 25 plots * 8 ft = 200 ft Field length: 20 plots * 10.82 ft = 216 ft D. G. Rossiter (2014) uses this data for an extensive data analysis tutorial.;;wiki\datasets\r_package_docs\agridat\topics\mercer.wheat.uniformity.md;;4;spatial;;regression
agridat;wallace.iowaland;agridat::wallace.iowaland;doi;10.2307/3138610;https://doi.org/10.2307/3138610;;yes;journal-article;Comparative Farm-Land Values in Iowa;Henry A. Wallace;1926;"The Journal of Land &amp; Public Utility Economics";JSTOR;"lm(fedval ~ yield + corn + grain + untillable, dat | polnm~fedval | https://www.stat.ufl.edu/~winner/data/iowaland.txt | splom(~dat[,-c(1:2)], type=c('p','smooth'), lwd=2, main=""wallace.iowaland"") | m1 <- lm(fedval ~ yield + corn + grain + untillable, dat) | mapplot(polnm~fedval , data=dat, colramp=redblue,";lm;Source: H.A. Wallace (1926). Comparative Farm-Land Values in Iowa. _The Journal of Land & Public Utility Economics_, 2, 385-392. Page 387-388. https://doi.org/10.2307/3138610 || References: Larry Winner. Spatial Data Analysis. https://www.stat.ufl.edu/~winner/data/iowaland.txt || Description: Iowa farmland values by county in 1925 || Details: None.;;wiki\datasets\r_package_docs\agridat\topics\wallace.iowaland.md;;3;spatial;;
